output,order,sympy,taylor_jet,abs_error
f0,0,415.3046975799451,415.3046975799451,0.0
f0,1,0.0,0.0,0.0
f0,2,0.0,0.0,0.0
f0,3,0.0,0.0,0.0
f0,4,0.0,0.0,0.0
phase,0,443.60418355228546,443.6041835522854,5.684341886080802e-14
phase,1,2609.436373836973,2609.4363738369725,4.547473508864641e-13
phase,2,0.0,0.0,0.0
phase,3,0.0,0.0,0.0
phase,4,0.0,0.0,0.0
envelope,0,0.07918127773670755,0.07918127773670758,2.7755575615628914e-17
envelope,1,-3.00806378387892,-3.0080637838789204,4.440892098500626e-16
envelope,2,81.99845269541613,81.99845269541613,0.0
envelope,3,-749.8982927731473,-749.8982927731467,5.684341886080801e-13
envelope,4,-60521.10502948424,-60521.10502948423,1.4551915228366852e-11
