t,f0_est,f0_true,logA_common,true_logA
0.6506666666666666,151.6755564646034,152.11391410094203,-1.4136928790661853,-0.2044720073588426
0.672,151.99263910485158,151.51470539612407,-1.4140413083120884,-0.19000314006460858
0.6933333333333334,152.32959310747484,151.25227855725134,-1.4430085849225294,-0.19030810259305492
0.7146666666666667,152.68760639799066,151.8657473499877,-1.5007481185066305,-0.20534441789969105
0.736,153.06973566991417,153.49942783465278,-1.5888396319283173,-0.23296783239772745
0.7573333333333333,154.47805842994765,155.83798035469675,-1.7704257032753268,-0.2689765825982014
0.7786666666666666,158.42949918898472,158.23211110997056,-1.702160919421483,-0.30735521830199297
0.8,159.03797011823812,159.98537744871516,-1.6216098828998584,-0.3409753264883751
0.8213333333333334,159.5540038060042,160.69271700422317,-1.5574599766016055,-0.3629409575663549
0.8426666666666667,159.9954281356547,160.45264802893652,-1.5073361962099099,-0.3683983782119568
0.864,160.30822055565463,159.82088791976886,-1.4977191281364135,-0.35609736679181886
0.8853333333333333,160.7700009429746,159.53414903953038,-1.542433620607366,-0.32883077496232704
0.9066666666666666,161.32066899502695,160.16562966635533,-1.6004548462236678,-0.29247356495958987
0.928,161.9741254898102,161.87452124886596,-1.6754588151600367,-0.25421316720579884
0.9493333333333334,165.9911879661305,164.33474123231744,-1.7649105544821948,-0.2208650416136188
0.9706666666666667,167.47312992102337,166.8646863495838,-1.5980538326921003,-0.19778590988937614
0.992,167.89779669501797,168.72787488744362,-1.5035555619688075,-0.18838405109157771
1.0133333333333334,168.27357263457196,169.4904880697679,-1.4439322599528275,-0.19398087259570268
1.0346666666666666,168.62877924734627,169.2484132423767,-1.418867624616629,-0.21379434508196177
1.056,168.98168449258444,168.582501898376,-1.426718635767956,-0.244946277787905
1.0773333333333333,169.3358441263945,168.26970567088117,-1.4674093069268723,-0.2825518809111293
1.0986666666666667,169.69508734211567,168.91936729236144,-1.5439950928155852,-0.3200932042680403
1.12,170.4884638277609,170.7067340977488,-1.7290488023488746,-0.3503371531423998
1.1413333333333333,171.63340882711543,173.29477864312318,-1.8604532159267346,-0.3668924940734001
1.1626666666666667,176.40652696662735,175.9680647435812,-1.7449628074124168,-0.3660361696017438
1.184,177.1372751898825,177.9478571369796,-1.6259027150395147,-0.3479647601581587
1.2053333333333334,177.62123121238974,178.76969858513243,-1.4595581160334905,-0.3167250254483835
1.2266666666666666,177.94379685341175,178.52625145839522,-1.4177335320396667,-0.2788678733061458
1.248,178.317583564136,177.82452065505413,-1.42020986967554,-0.24161629078889701
1.2693333333333334,178.74565242053782,177.48381176393505,-1.4524477387522863,-0.21136219670829445
1.2906666666666666,179.22906288233008,178.15179169895794,-1.512224900912026,-0.19280922394599415
1.312,179.78906847044198,180.0210273191042,-1.6027190367470716,-0.18863772718882332
1.3333333333333333,181.84656338023174,182.74335530639905,-1.7773211481093862,-0.19942975552418404
1.3546666666666667,185.90315907489497,185.56791640346438,-1.6630658626668788,-0.22366409052902672
1.376,186.56491488717205,187.6713894338584,-1.5729711555091377,-0.2577377753421237
1.3973333333333333,187.11789278818986,188.55668041620845,-1.5103701835214864,-0.2961265296873302
1.4186666666666667,187.61444406972387,188.31257595638976,-1.4690967819167053,-0.33192209053082594
1.44,188.06209935269447,187.5732868666397,-1.4428898010294748,-0.3579823553142704
1.4613333333333334,188.415969473772,187.20269366727803,-1.545566930799267,-0.36865491436606
1.4826666666666666,189.08006816793815,187.8890936854051,-1.6395662860782942,-0.36150983124388186
1.504,189.93480900374888,189.84372552678482,-1.7376398785640352,-0.3381814353387398
1.5253333333333334,194.81785322586197,192.7071118438457,-1.8280942672658942,-0.3037958220610186
1.5466666666666666,196.16913436646558,195.691310858245,-1.6961143672971402,-0.26534537126833446
1.568,197.19195066638363,197.92595921190014,-1.504243059638176,-0.22990014626956493
1.5893333333333333,197.6020821443166,198.8792048194398,-1.4068724731190603,-0.20332411412426124
1.6106666666666667,197.9374011186171,198.63524666520158,-1.3536186633354783,-0.18962902744219745
1.632,198.26857391871036,197.85658763848133,-1.3520367022965383,-0.1907598249047267
1.6533333333333333,198.6382286577485,197.45401550707908,-1.3996296944118254,-0.20655898329247788
1.6746666666666667,199.07665005951685,198.15889783044832,-1.489271358041635,-0.23476771920490416
1.696,199.9947042392308,200.20259155271117,-1.6910908262713251,-0.271075855679168
1.7173333333333334,201.44061642714996,203.21414195898495,-1.821604302480433,-0.3093835620994299
1.7386666666666666,206.6526192272532,206.36679334029017,-1.7502449813426701,-0.34253438203045367
1.76,207.59759350682012,208.74055366984496,-1.6412064338222647,-0.3636954922027242
1.7813333333333334,208.3305193094309,209.76656107890557,-1.5420028275357083,-0.36817660293083215
1.8026666666666666,208.69915958539326,209.5236493588253,-1.3252723869960028,-0.35495043665735176
1.824,209.1144295706916,208.70373369418184,-1.3986423564700718,-0.3270145068814788
1.8453333333333333,209.67988010773396,208.26695802775234,-1.472434041801622,-0.29036422649669436
1.8666666666666667,210.35247666926227,208.9903410231523,-1.5414255028100947,-0.25220599800697135
1.888,211.1941429909307,211.12690506590963,-1.6300494130949,-0.21929742522406911
1.9093333333333333,215.3676088032778,214.2940717201267,-1.7640813270792073,-0.196896908353546
1.9306666666666668,217.58110280828197,217.62446522995043,-1.684349858660843,-0.18830024562108447
1.952,219.13474472123343,220.14574156818668,-1.4997870939736875,-0.1947138711752463
1.9733333333333334,219.75569984562634,221.24963943710424,-1.4165985743487848,-0.21524072987580536
1.9946666666666666,220.229775172278,221.00877918532638,-1.3611529606670976,-0.24688911666646685
2.016,220.61750848178994,220.14564290576615,-1.3462824327484038,-0.28467144228464236
2.037333333333333,220.94430345207334,219.6723017564649,-1.4149617538461587,-0.32200093317685896
2.058666666666667,221.5938144599692,220.4141552970345,-1.6229981081325078,-0.35164514427431776
2.08,222.6804820116728,222.64754549169044,-1.739416111381652,-0.3673124899212559
2.1013333333333333,224.2447473502401,225.97814317099449,-1.8665789250735894,-0.3654715933091733
2.1226666666666665,229.95443729020099,229.49606888572893,-1.7411553880265154,-0.34654497637779846
2.144,231.17173899613852,232.17375948573783,-1.6140996568925106,-0.31475983549726366
2.1653333333333333,232.04404674648316,233.3610185537549,-1.4193858237342893,-0.2767511223437836
2.1866666666666665,232.32451765753603,233.12332876592177,-1.3133569658022874,-0.239729718507843
2.208,232.55492128116396,232.21492840209157,-1.2893086936443554,-0.21001155753631912
2.2293333333333334,232.9861172051317,231.7025147286295,-1.3549416307537356,-0.19219477044044236
2.2506666666666666,233.607752242049,232.46275520340225,-1.4479665458214364,-0.18884566301557554
2.272,234.47194274939207,234.79707946630398,-1.5674139351576015,-0.20043124381564711
2.2933333333333334,237.01907484150303,238.2993025053539,-1.746007753740796,-0.22531540377623685
2.3146666666666667,242.288912533451,242.01507709911783,-1.6791104868023985,-0.25978375964496075
2.336,243.52714109435857,244.85860277902452,-1.5803226198302038,-0.2982177247386914
2.3573333333333335,244.4264398237735,246.1350577397161,-1.4977391046639235,-0.33366032200732537
2.3786666666666667,245.11840712005855,245.90178111412837,-1.3842331711433382,-0.35900275437040335
2.4,245.60824355932968,244.9459915063414,-1.1953063379546502,-0.3687280943948197
2.421333333333333,245.8659490046274,244.39184502452716,-1.500817899930785,-0.36061889456218055
2.4426666666666668,246.73184627206422,245.170329972736,-1.586910321234889,-0.33652802742722426
2.464,247.94643766985413,247.60985307530032,-1.6733158882415822,-0.3017312947195134
2.485333333333333,252.96190700087857,251.29229305490074,-1.7767048704063089,-0.26326896473958783
2.506666666666667,255.3958559588763,255.21678742626972,-1.663841236594221,-0.22817220871072103
2.528,257.4372982513295,258.2361215008587,-1.4714664007533447,-0.20221526301807705
2.5493333333333332,258.25061003294735,259.6079942265972,-1.3575377286679,-0.18929977772534415
2.570666666666667,258.69696996424796,259.38050763854216,-1.2679315191228129,-0.19125593911218597
2.592,258.75045160136983,258.37511976718054,-1.2566155399688603,-0.20781117840080268
2.6133333333333333,258.9257342753816,257.776418380921,-1.3468867766586636,-0.2365922896398721
2.6346666666666665,259.53587328796476,258.57294072660426,-1.4758023218540717,-0.2731813950365245
2.656,261.1101400856862,261.1220891374094,-1.6834240035470074,-0.3113964206397074
2.6773333333333333,263.25037335670635,264.993753353288,-1.8091631688011758,-0.34405703860838976
2.6986666666666665,269.2897729327925,269.1384216624268,-1.7488452146922784,-0.36439918904715934
2.72,270.98854432210067,272.3441215484053,-1.6422727796199599,-0.3679008183870901
2.7413333333333334,272.14287784815235,273.81804574685344,-1.5495343575910838,-0.35375874225299686
2.7626666666666666,272.8050979452414,273.59787150721166,-1.363613031831067,-0.3251718827949528
2.784,272.5678511811617,272.54059036264135,-1.1248506855861418,-0.2882505129276419
2.8053333333333335,273.24472527446727,271.89434115599454,-1.3641294559578627,-0.25021492214569363
2.8266666666666667,274.129986158557,272.70862301699475,-1.4586688964462597,-0.21776173401957294
2.848,275.44072365434937,275.3719898100974,-1.5552572177206296,-0.1960497124273176
2.8693333333333335,278.8251468814439,279.4423205535342,-1.6912318633757102,-0.1882618543478468
2.8906666666666667,283.0826346710093,283.8192307395346,-1.6575029371905798,-0.19548960117046096
2.912,285.94250029735423,287.22247132579963,-1.493809661786711,-0.21672088144924895
2.933333333333333,287.14528195197283,288.8055187141408,-1.407091795008864,-0.2488507170969884
2.9546666666666668,287.9836573896041,288.59433666676216,-1.2563437640806916,-0.28678983356753296
2.976,287.93008884452496,287.4827791710893,-1.2946208805172401,-0.3238854546483169
2.997333333333333,287.9029157106173,286.7858089412104,-1.449267100120983,-0.3529106273444199
3.018666666666667,289.08677692000157,287.61749498512364,-1.6161463295461602,-0.3676790912324126
3.04,290.73660220527654,290.3998448080796,-1.7020036826518363,-0.3648549270487624
3.0613333333333332,293.1488212112832,294.6787394912073,-1.805712225674514,-0.34508612413749906
3.082666666666667,299.3844948094489,299.3006053427615,-1.6996055185461336,-0.3127759048151089
3.104,301.6960369670256,302.91321422190043,-1.5979198951676568,-0.27463757041708514
3.1253333333333333,303.42608694897035,304.6129223095149,-1.3755128704920105,-0.23786543238034258
3.1466666666666665,303.90020266594007,304.41258282544146,-1.2612623034585995,-0.20869702454347006
3.168,303.39084962509577,303.2442758197375,-1.2061425433882587,-0.19162410866625823
3.1893333333333334,303.463534202266,302.493221129783,-1.2745303657005478,-0.18909878703918473
3.2106666666666666,304.3938435916609,303.3418714478081,-1.4087369948986952,-0.20147302508031392
3.232,305.8672720032035,306.24814554201737,-1.543529199972917,-0.2269958667156562
3.2533333333333334,309.23657295424624,310.74597770175995,-1.7084657269849925,-0.2618419586242153
3.2746666666666666,314.2818695875282,315.6261925577793,-1.752162009993607,-0.3003000329159731
3.296,317.7966372153054,319.4606872201518,-1.6022609732001054,-0.3353679522862072
3.3173333333333335,319.38110805058795,321.2850887957204,-1.5418429002946807,-0.35997559367702764
3.3386666666666667,320.11032896546396,321.0976267261578,-1.4694638019678279,-0.3687468720409889
3.36,320.22883238091873,319.8700050381805,-1.3921190564865609,-0.35967927416149914
3.3813333333333335,320.4567159273045,319.0613017684473,-1.4445381223185867,-0.3348421610150953
3.4026666666666667,321.56647584913543,319.9263842363788,-1.5237528252621222,-0.29965582764440646
3.424,323.44531642510685,322.96170550146036,-1.5918908446453404,-0.261202958676909
3.445333333333333,327.6283708366589,327.68934671723923,-1.6913536951280843,-0.22647208488916873
3.466666666666667,332.4248508509083,332.84201887766665,-1.609273918713054,-0.20114593485680954
3.488,335.8839208652352,336.9116459748013,-1.4439723553046535,-0.1890155277345208
3.509333333333333,337.5105126360979,338.86930039939796,-1.330788541928351,-0.1917962380288527
3.530666666666667,338.58134715751856,338.69695005339065,-1.107895782354334,-0.20910045258601645
3.552,337.61590132982747,337.40735466234935,-1.2737351179248755,-0.23844066641081735
3.5733333333333333,337.2738583711958,336.5372270371128,-1.3507854848457739,-0.2752920688399018
3.5946666666666665,338.3433518751364,337.4181091309302,-1.4905148957998733,-0.31339258111339335
3.616,340.87257988120643,340.58778722383477,-1.6704481698041656,-0.34554228636233225
3.6373333333333333,344.2157763634786,345.55662998537525,-1.7759195781550772,-0.36505155274255335
3.6586666666666665,350.9128942182479,350.9966199162394,-1.721690025078653,-0.3675712209369586
3.68,353.90025993204324,355.3153967059379,-1.6339019312828165,-0.35252309950430727
3.7013333333333334,356.35934721344836,357.4154231195645,-1.4518006209530874,-0.3233040652477578
3.7226666666666666,356.9258574797878,357.2606343366492,-1.3504462030723352,-0.2861336206353581
3.744,356.0330388593729,355.90631065319997,-1.2579704965256209,-0.24824094392276647
3.7653333333333334,355.88201919124873,354.97075971989386,-1.2450057741956226,-0.2162586679168854
3.7866666666666666,357.2276939047277,355.86669975151074,-1.3960904659997548,-0.195244682182943
3.808,359.3790628574942,359.17623621000547,-1.4946098072263703,-0.1882688932329566
3.8293333333333335,363.76141276393474,364.3982177727946,-1.6191950330899783,-0.196307734612289
3.8506666666666667,369.1396677519325,370.14117719352845,-1.6214988076700374,-0.21823413161495767
3.872,373.2268242859849,374.72393528502647,-1.5033689492621312,-0.2508301034739389
3.8933333333333335,375.26753031657177,376.9760478402699,-1.443685471921769,-0.28890588146530405
3.9146666666666667,376.1619166722099,376.8415032329665,-1.3313415044325745,-0.3257456337656165
3.936,375.39949113496294,375.41959951440117,-1.4322855745403937,-0.35413287842634383
3.957333333333333,375.11177010920926,374.41439105093554,-1.4714314083930622,-0.3679924556146295
3.978666666666667,376.96230438470036,375.324528787679,-1.592203470691182,-0.3641878247841
