t,k,f_est,df_est,d2f_est,logamp_est,truth_f,truth_df,truth_d2f,truth_logamp
0.7146666666666667,1,237.44860799794836,-3.5749321569266597,-36.61595551912988,5.044036930845569,239.22791878496366,4.178955821553245,-4952.496021520892,-0.29747729035218906
0.736,1,237.58205663734424,-5.973583326478262,-171.00427079544977,5.057290085174991,238.24513114088506,-92.12823797762394,-3783.9594413531013,-0.3298728872017494
0.7573333333333333,1,236.66326415375562,-7.203779204826039,-125.74563682292211,5.012642942507235,235.59296900709444,-147.44346340955235,-1251.479384489474,-0.3756598899588528
0.7786666666666666,1,234.47264638073455,-3.7395342813288126,-104.44415367998924,4.9586691825406755,232.38443270515816,-143.0472628280986,1630.5700018991483,-0.4250914119444105
0.8,1,231.86282822739275,-2.7694401673580944,-278.8659106008508,4.9614616863609475,229.89229331059602,-82.64438051125035,3854.3280665766797,-0.46770470012313403
0.8213333333333334,1,230.3151613511526,-9.119205099947601,-32.60998926471757,4.972955949496391,229.10341201738498,11.912815768737346,4757.661346346664,-0.4944497583985366
0.8426666666666667,1,230.14546200481075,-8.165357805147353,11.606719962468564,4.921201443315628,230.41978930220648,109.14430878241546,4098.481823690701,-0.49920552681019187
0.864,1,233.19565648031352,0.7766262531216228,143.80898379505982,4.8029334343744825,233.54755087959393,176.72973194578663,2040.2068602854852,-0.4802803927110014
0.8853333333333333,1,241.03149231867,7.648143479919042,248.29284300743842,4.7423452858068424,237.5724019217862,190.3500043619424,-825.6883593278471,-0.4414797367870197
0.9066666666666666,1,248.4522233747429,-0.4012782777857897,199.9565334763351,4.853985992005777,241.22771605987242,142.68609097297303,-3520.719425753108,-0.39186538907961027
0.928,1,250.86806459694293,-3.764900959243822,195.98976952485435,4.996994472607965,243.32851684180898,49.04280801001005,-4977.788594548649,-0.3433374933939278
0.9493333333333334,1,250.55908613345167,2.270861688792539,262.0912074889715,5.062043966942147,243.23650061884035,-56.185954390326515,-4563.799164724129,-0.3062943221991994
0.9706666666666667,1,249.27549347228867,-6.82779910703848,-454.64444404077983,5.068277982469093,241.13309554142214,-133.4598520216532,-2456.5261141399387,-0.28611947724363235
0.992,1,247.07882302662875,-17.572682974094434,-427.6482784467089,5.046555889785993,237.9429854213177,-155.1546946601011,465.7624354586005,-0.28320178670937685
1.0133333333333334,1,244.70422067390885,-14.660873164436328,373.1749336900721,5.0552820647219425,234.95396350314135,-115.5940247066319,3115.3830760160927,-0.2954454335305223
1.0346666666666666,1,242.99290008412834,-5.094116144433433,260.268901892751,5.076873605448271,233.33963658146183,-30.270033976761624,4649.34639539622,-0.3199973644325388
1.056,1,242.16143224389452,-0.42678646717972635,-27.547790834762566,5.056660812852259,233.78214453146654,71.73857984156348,4644.573900383548,-0.3530504029778773
1.0773333333333333,1,242.25028384544564,-2.024221847387401,-165.88329197987773,4.976599707532581,236.2790772104538,156.81507049244829,3095.1125593858305,-0.3891758444448641
1.0986666666666667,1,244.95659830832042,3.535853193279861,-353.1469288574156,4.836711057603599,240.14099978254202,195.67019936954603,418.09516400122084,-0.42173672589375055
1.12,1,252.1286691064365,10.203134078809024,-629.214997822244,4.766143572665428,244.18213218470115,172.6139290551655,-2535.858308896655,-0.44475364282510754
1.1413333333333333,1,258.98942941593805,-1.8451034056231121,-76.2812346663637,4.84604066110899,247.10098606335583,93.41606053314172,-4660.872280598385,-0.4549675886582753
1.1626666666666667,1,261.1142940873974,-8.036848579415595,-28.41533622428081,4.92895580428602,247.96545397752467,-13.810616814997047,-5062.158328481586,-0.4520625107287195
1.184,1,261.0092785557971,-8.987078354007997,-98.04751063523797,4.944305756200715,246.60002656198884,-108.81023375224322,-3558.3747527565574,-0.4371419253158947
1.2053333333333334,1,259.2621392695979,-7.399062243054607,-52.69380279779059,4.905521979432223,243.6638399374206,-156.55826391209848,-793.5392512009712,-0.4118386177072982
1.2266666666666666,1,256.51648224387645,-6.267258402426488,-64.66586434353688,4.921837422251631,240.3728892675247,-141.45595683646388,2145.7622568126535,-0.37903450171621195
1.248,1,254.5869128363331,-7.572636463745591,59.73449885420936,5.00803203332422,238.0263512643905,-70.98318951902911,4258.550497698074,-0.3434521028008101
1.2693333333333334,1,253.80636407138832,-6.594918829824739,136.833811979661,5.052915307440778,237.5624739986318,29.89621241041459,4931.002498604939,-0.31063009949369663
1.2906666666666666,1,253.80824270081197,-4.703191384306821,-30.19251429122946,5.0155027158376155,239.28050674196118,127.78358209645376,3982.7074427161133,-0.2852509298013375
1.312,1,255.2771590471129,-3.558200141866523,-39.310766691519454,4.904002567986073,242.7579197335692,189.9050480776932,1654.6416068454273,-0.27047688828211136
1.3333333333333333,1,259.005904232256,11.020307512024072,904.5900645250739,4.8262928334892115,246.9613615782683,193.3650708817877,-1365.1508088223636,-0.26868947198581566
1.3546666666666667,1,262.6482310983588,7.053677476014421,385.4675908542161,4.891383337374408,250.5573909633515,134.26705972664058,-4016.750253271777,-0.28236284866086836
1.376,1,264.01379730125143,2.6116824512219265,91.54910979320132,4.993544797489,252.38100215301947,32.35080085345544,-5229.391219094978,-0.31288361932508396
1.3973333333333333,1,264.41207921722435,4.02148832587262,78.98142403662305,5.022618660854641,251.90119029035398,-74.61511596874334,-4470.860566478688,-0.3573034626825282
1.4186666666666667,1,264.0999684287959,-16.281860886337487,-1073.68617299417,4.9944264789483315,249.45028512272341,-146.55584796424955,-2069.3321521396283,-0.4065188606391946
1.44,1,263.8577903108256,-23.67114419893907,-452.92857539944714,4.94219886540978,246.08269937049408,-158.21326936758123,988.6859175750287,-0.4477019073591344
1.4613333333333334,1,263.92145397521426,-22.448032102726025,891.6510430016996,4.9492312191041155,243.14717501024495,-107.68671507295221,3592.130397912464,-0.4695395854838398
1.4826666666666666,1,263.53380031764146,-7.479955263061607,636.1471797365742,4.973161942268589,241.79778426450554,-14.023210419807583,4934.812065214472,-0.4662799048419456
1.504,1,263.31301441807324,5.648143202364679,-559.8327333399848,4.948784166383589,242.631838943353,91.20658513228409,4652.008820319432,-0.4385204655160551
1.5253333333333334,1,263.610358044765,1.3008136044412841,-171.11795958507042,4.851663510657182,245.52305085012685,173.25994732114486,2808.572354726959,-0.39184472232099343
1.5466666666666666,1,264.4479910614404,16.95803582233411,-676.0638529286073,4.757579046492985,249.651698964956,203.44901564787142,-86.60314371832646,-0.33528483084058336
1.568,1,265.85879517318807,7.706256789037953,-578.9967361024244,4.849477245703106,253.73649569441483,168.7624588427134,-3086.4467388021294,-0.28035829073388463
1.5893333333333333,1,266.39383908316364,-7.505757792553515,167.82092183338696,5.008983376038185,256.45685178924487,79.26761409966275,-5041.157613974647,-0.2393098100507154
1.6106666666666667,1,267.03852834729304,29.21804474397045,1773.2365822402364,5.096075934072039,256.95583912063995,-32.756977998651564,-5116.251572035835,-0.2213721092592088
1.632,1,266.7361669274159,-5.412953613425791,-1770.3781625405065,5.092142635737845,255.20076880761798,-125.18010106659494,-3273.824057076359,-0.22918689204326811
1.6533333333333333,1,265.53609063557843,-60.77404040687565,-3531.626113862674,5.010296224568091,251.99951955078905,-164.27604636526667,-295.6758560612798,-0.25850733173891444
1.6746666666666667,1,264.576130486689,-71.01531351362071,-1650.61230355383,4.95215553235859,248.6629067668628,-137.9205964836292,2671.6835629197303,-0.301189524244205
1.696,1,264.9424455596618,-28.47591045430126,321.1214776507313,4.990963557317602,246.50363265866577,-57.46286803483963,4644.700813573436,-0.34836944759094735
1.7173333333333334,1,265.0573823549752,-14.3841745121686,-88.94483810643072,5.010870038689921,246.39840950851053,49.09232821664773,5063.034258317843,-0.39140973437343424
1.7386666666666666,1,264.4730220695587,-24.4535928106344,-296.2843097673903,4.943262678560738,248.53331188201125,146.58821343095042,3812.171605881653,-0.4217889993458488
1.76,1,260.30960760757523,-87.5356188271764,-435.9621538269058,4.8034571020969885,252.35129097887094,202.07329431991093,1217.2344820557628,-0.4324253733423764
1.7813333333333334,1,249.1761369636984,-134.03725018399928,2869.8447164707336,4.734513135679317,256.7014644341036,194.48593979817815,-1932.493811007822,-0.42084395015566944
1.8026666666666666,1,236.96293645661206,-147.85619644099168,3258.5525976452186,4.860700624451448,260.19426076371764,123.76211291830987,-4501.603601966752,-0.3914882910702726
1.824,1,233.79715793452462,-1.1622620807515518,5295.346642665855,4.9610227852852224,261.7017075815058,14.220144101418555,-5433.782905340777,-0.3538596351302947
1.8453333333333333,1,238.85833063875668,159.3638578190435,8187.592780036171,4.994406570157313,260.8157705379664,-93.27161945891567,-4316.046087071765,-0.3173754399761014
1.8666666666666667,1,249.2825705569354,195.1847751969272,5319.075810642055,4.965635729578946,258.02618851385813,-158.63748086965643,-1631.3661905009067,-0.28742809625143845
1.888,1,259.9553869672773,120.82462297575378,-27.605268043308534,4.968449398645033,254.51244925612042,-159.44668649393134,1535.3466547096614,-0.2653618281446871
1.9093333333333333,1,264.2902040231338,18.715156644019075,-1605.2694474297257,5.054083119079244,251.67243314190122,-97.77454811660573,4062.219487963943,-0.2510648248264908
1.9306666666666668,1,265.2501665950847,-15.436518826323331,369.3999644043164,5.103918232583756,250.62711529598752,3.7935474317055196,5187.159984838792,-0.2447072035018883
1.952,1,264.5909255482686,-9.012535709835168,-127.03799368324898,5.0760798159553415,251.8770770247537,111.32221830473281,4607.799433172215,-0.24636542825019905
1.9733333333333334,1,263.15194184660174,16.624761812374793,2825.3584678611937,4.96081991952835,255.16393918923887,189.1680058555212,2465.530108195264,-0.25539555209987685
1.9946666666666666,1,254.02684757675445,-59.99203840592586,1910.4502114138477,4.808115147666489,259.5357516280665,209.61054762313142,-632.3980567979161,-0.2711041007837447
2.016,1,237.10961891412325,-56.25697067453829,-311.1109645543347,4.810082115407985,263.6227211446326,162.7638650413137,-3643.104075915413,-0.2937239390279853
2.037333333333333,1,229.84849881726888,20.576472806813616,-2090.802394547599,4.931140470321091,266.1005536287826,63.28466804348864,-5386.886201792338,-0.3232634580221547
2.058666666666667,1,228.8185991919808,-7.259332755710768,-15.10047971979561,5.010655131647656,266.2051705787274,-52.48562532290816,-5110.223681673349,-0.3564790250790964
2.08,1,228.8048858525122,-2.0262491735277695,367.6383215205875,4.985395317182762,264.05788752883734,-141.01238702749833,-2930.112586818752,-0.38558524145326245
2.1013333333333333,1,229.90539445282326,-2.2891302885900875,377.1665894222013,4.888006306484563,260.61509924148595,-170.40679023927078,238.89091238344554,-0.400810837389646
2.1226666666666665,1,230.85985363506495,-12.426213249582952,532.839471914167,4.872634581350619,257.2727451782588,-132.33976297802292,3203.5212395760464,-0.395278227644979
2.144,1,230.87096321826292,-7.530045641130885,384.9847100504233,4.9668212693722955,255.3434217710522,-42.09006166737527,5007.60542695201,-0.36836193398018885
2.1653333333333333,1,231.21589263149704,0.1886117072470197,86.51244311461961,4.997179642680821,255.62920225766138,69.38754466501996,5149.061278899433,-0.324982607039003
2.1866666666666665,1,231.5908873367025,-15.94753698452001,-790.2197974892468,4.931251167722796,258.1928015696265,165.36071600904688,3583.9932560970774,-0.2727625878349731
2.208,1,233.75171804358087,14.6117831603812,1516.371416180724,4.830092160557775,262.3376342082776,213.01100037409924,728.7004301336128,-0.22046280737797302
2.2293333333333334,1,237.20379600346715,17.72301355280608,910.4064345346078,4.863496328850473,266.798408883307,193.5511540407315,-2522.691822607536,-0.17814821696108596
2.2506666666666666,1,239.95677147336252,8.660691576343236,-86.02880014520797,5.008006591091682,270.14196731192743,111.14868967351504,-4967.819791746675,-0.15629267020579615
2.272,1,241.34852524564025,3.067430846467277,-77.9232083858168,5.099981408360427,271.29546517686737,-5.2197378552518785,-5584.812488880616,-0.16215505760565194
2.2933333333333334,1,241.29301532352517,-4.174866452580662,-394.34137259611595,5.101089385240951,269.98895351304304,-111.93586902716197,-4097.2974076817045,-0.19597507407870324
2.3146666666666667,1,239.60565970288897,-27.913452842635,-1124.1433064123203,5.008589055150197,266.874336526286,-169.48732885322534,-1144.682027398143,-0.24995955217799706
2.336,1,235.78959358993893,-46.06156578831377,790.5092539780835,4.922961894828585,263.24972018607576,-158.71006179833785,2101.3196418093285,-0.3106340360714887
2.3573333333333335,1,231.44595161138872,-27.964155142992915,2403.181845849203,4.976740900405819,260.5492240955493,-85.81758212018758,4520.430701791251,-0.36325870508637637
2.3786666666666667,1,228.91921131223557,26.8765544693972,-1875.2904593345193,5.013963777461948,259.84677394491234,23.10864211199805,5401.286388275126,-0.39554272658945483
2.4,1,229.22828285816857,-10.37297111559941,-98.34350838484569,4.9523402912970695,261.53437762604005,131.91510885488242,4508.02764482249,-0.3995897471273432
2.421333333333333,1,232.56260335574757,6.46848033355991,304.7792044769455,4.792235082608629,265.21392036352154,204.31307790079154,2064.9904855554923,-0.37361966199778496
2.4426666666666668,1,243.2937437073299,33.67774043235386,-109.17373643605869,4.714955982006231,269.8006003753172,213.95260232128203,-1215.9376605397556,-0.3237773756903956
2.464,1,253.06240231683296,7.861309872192805,-497.5117442497787,4.881608870661297,273.8450146257581,154.5299521589186,-4198.861301405821,-0.26349286687085605
2.485333333333333,1,255.34589053998926,-9.227339049173274,103.20470943942925,5.042579028335274,276.0361028613884,45.53831433574669,-5690.769072630268,-0.20860651978995953
2.506666666666667,1,254.69840367040447,-11.276018391047865,-186.2033704173831,5.103086860844419,275.72043930919233,-72.80015412415378,-5040.072274867212,-0.1711504018132759
2.528,1,253.34384683431162,-3.025838246867126,481.082021822714,5.077051455015355,273.1831284108769,-156.07394483219832,-2527.7490648409585,-0.15588499814716492
2.5493333333333332,1,250.07725749858852,-7.702137656991124,886.2252510366603,4.997832240306244,269.5269010521801,-174.76611586939543,806.4235858608736,-0.16054899183498667
2.570666666666667,1,245.05489756602367,-21.33546972066287,1269.2202600688315,5.01516613621968,266.2216746672602,-124.6263031649869,3736.157426615944,-0.17899691294288658
2.592,1,241.98027054230673,-1.909131282666276,205.00160195663886,5.089948837030507,264.5656502149716,-24.890701436437666,5341.919667546608,-0.20480014848817213
2.6133333333333333,1,241.43099131863676,1.490597018629268,-58.58836437571787,5.092443285718242,265.2730449285706,90.64711503847502,5184.411666349741,-0.23255080144421517
2.6346666666666665,1,242.51720588369264,1.0061232471039656,79.54820240330214,5.001950807710197,268.2733610878594,183.8866249921266,3295.6830980302766,-0.2575751008224313
2.656,1,248.05101944283962,4.199515999580051,354.1214717433349,4.834797186366386,272.7264664716579,222.49048721953295,190.53426012420096,-0.2765050258144525
2.6773333333333333,1,259.66362292121244,4.097566329374131,590.5907725597194,4.773966259898918,277.25754107000404,190.4130163185764,-3129.9014026261866,-0.28843516494231464
2.6986666666666665,1,268.28692000894983,6.618104193507889,-95.73943812466543,4.906463749640982,280.4042516388856,96.43103332584724,-5407.609240610967,-0.29430317846430093
2.72,1,270.34636169664844,0.16949824811156863,-192.76202816220407,5.0099366295719365,281.16779996322697,-25.81301496666856,-5676.680342302454,-0.29485078819230104
2.7413333333333334,1,269.51316513561426,-15.124119500092505,-782.6579995912842,4.998806844222981,279.43059137241625,-130.37404427095316,-3813.2655406324193,-0.2896791621145315
2.7626666666666666,1,265.69815418553,-25.133511350938136,-794.9473454421727,4.893655682507622,276.00954182470633,-178.88857954391278,-611.959576606052,-0.2774835151153403
2.784,1,260.0486282244916,-15.103610604337737,9.833202445791867,4.9247688005132755,272.3131416281238,-155.86993622477166,2681.7901586220833,-0.25687687606612225
2.8053333333333335,1,257.141039783877,-8.654202892875745,172.78871879784518,5.071017928619991,269.7978600817702,-71.7937230807729,4961.316971581138,-0.22798035361580044
2.8266666666666667,1,256.28993003610367,-5.282958140162375,114.12576078787966,5.121970705039061,269.4763079451681,43.829229707829654,5572.009645861312,-0.19333916004826732
2.848,1,256.77981708986624,-0.17634518562506885,105.35863700195509,5.063721270925579,271.62021124166705,152.79484731075354,4348.998993175803,-0.15731727978627397
2.8693333333333335,1,260.93211704972146,-7.192024111834455,-815.1222741088136,4.916121877032051,275.6847794824166,218.45825731218792,1606.6078785830177,-0.12572267012010363
2.8906666666666667,1,272.22234163734464,37.028851355565116,886.5563622521279,4.846482927564699,280.4532385288155,216.27929957164451,-1832.9880307405256,-0.10614127304060453
2.912,1,282.1431218559706,10.590954678469119,-10.164197416293405,4.966553076155022,284.4074575291966,143.99562307680026,-4746.151821216452,-0.10648453243744634
2.933333333333333,1,285.0736545344369,-5.292073467393521,-150.53985986197463,5.087127023246894,286.26796666020493,26.128522138576955,-5945.5998907882895,-0.1310435278896535
2.9546666666666668,1,285.0719778593267,-10.845605971656674,-268.37688635490315,5.106438077719935,285.5096405854875,-93.48359550745226,-4902.426288457238,-0.17729598474509659
2.976,1,284.42666469139846,9.177523281060921,1215.9656768339444,5.036424107961109,282.5895214511077,-170.12621837714687,-2067.954862953513,-0.23541749727311806
2.997333333333333,1,281.0288942572795,-4.97914776009823,1471.27448392299,4.907694495549326,278.75249861577703,-177.17732393718325,1402.6900436750147,-0.2902030533220326
3.018666666666667,1,274.50952277844306,-20.8931576074437,2324.594646713747,4.916615151407354,275.52995803757227,-114.70892765442841,4264.184866106603,-0.32566951176250825
3.04,1,271.0988588003811,32.89466674251131,-2026.8818140437238,4.993362372072434,274.1908484773836,-5.911298087798059,5642.145501442807,-0.33083886022747233
3.0613333333333332,1,271.897716988528,-6.28314002907595,262.7751848158981,4.987427502361492,275.3482692095512,112.7145669281017,5164.488981937291,-0.3030769556033028
3.082666666666667,1,275.18669990848684,1.8374456296567216,187.2072312988271,4.881794955008916,278.78909656189967,201.93545277952217,2945.2326516662724,-0.24819813287953985
3.104,1,286.08079381228674,5.899744606612537,756.1705300163451,4.788619268524386,283.52682540792034,230.28266564756632,-394.91872116876766,-0.1790244551497459
3.1253333333333333,1,297.0735591968264,5.249040303498993,417.49001523376677,4.917014558313704,288.08389797662295,184.94102488970384,-3747.4803007161245,-0.1122735938729291
3.1466666666666665,1,301.52116101854557,4.4893852220532615,-267.1770906403232,5.109903475384131,290.9850582884255,79.64217682299204,-5812.960085467435,-0.06336530379719094
3.168,1,302.10884421599343,-1.4711323354449195,-38.52249207843445,5.205600339885973,291.3250501100451,-47.37795438780449,-5704.046913896513,-0.04196804904534662
3.1893333333333334,1,301.12330736869615,-9.458828871475834,-413.30483550212506,5.179770238034319,289.151765743065,-148.34021970652975,-3463.3489907677285,-0.050468988642807744
3.2106666666666666,1,297.7734699508024,-23.345942962387205,-629.6586516294084,5.04560355289106,285.4479395686399,-186.62729070475325,-36.48826293647289,-0.08418533805561378
3.232,1,291.5997664179319,-24.965608625056365,350.93839742515087,4.999195986826036,281.72248469969986,-150.80606713378802,3271.574563817121,-0.13286855141979176
3.2533333333333334,1,287.2902832154551,-12.846729735524182,483.95856295797165,5.099469703895066,279.4394423269218,-55.7001773621887,5379.2172199980705,-0.18401749697394093
3.2746666666666666,1,285.78641903222524,-3.4779798830338597,118.32555383981524,5.124763218089392,279.53560451986783,65.84022140828893,5694.1054346901365,-0.22620791273192703
3.296,1,286.1203528738682,2.397638123325893,176.86325303866843,5.024975450708468,282.1509259947447,173.7511999157723,4127.321104059229,-0.25091065507129
3.3173333333333335,1,290.7918982427098,6.740780901017591,-484.03177506012787,4.829495538398858,286.587859068988,231.35802060039714,1090.7759754937142,-0.25406595622527056
3.3386666666666667,1,303.29911195690534,15.6257279204266,-1055.475386940481,4.755382191235059,291.50022272642025,216.40454485756345,-2478.4087403647136,-0.23742070734257473
3.36,1,313.1440713208343,1.9241198499415988,-356.3440775335863,4.9268533898629014,295.3140908258861,131.12175054871477,-5276.890677873278,-0.20746167618711997
3.3813333333333335,1,315.37966047507877,-9.198281896174093,-202.10166628275735,5.060580389775846,296.80119041028945,5.184675220167264,-6144.377804370135,-0.17245559827495685
3.4026666666666667,1,316.1904644150969,44.841401801296286,2715.249125455907,5.081145548234151,295.5818822953982,-114.30008186772466,-4694.617880036822,-0.1399862023259843
3.424,1,312.3732447510795,-28.058235565253693,-3265.648362033023,5.006210125137254,292.2914432761226,-182.92762684472837,-1552.6639767901506,-0.1149917687650158
3.445333333333333,1,305.71661614736865,-19.661716853754427,-1972.2940124089855,4.982670054697929,288.31073149830826,-177.4734241219703,2022.9876218391582,-0.09824366700375559
3.466666666666667,1,301.8695048040773,1.2775416208496013,-923.0720762933878,5.102326014225109,285.21882674600676,-102.53381227841601,4781.921632116428,-0.08710515669187512
3.488,1,300.86595695045514,-11.867442735606478,357.86332184336675,5.1785050848003555,284.240091036117,14.779787907842547,5902.653667602921,-0.07854351538767984
0.7146666666666667,2,482.3811651908246,7.5583899754800195,-611.5540999602041,4.851543182652045,478.5993241041382,8.360418138559908,-9907.962505706746,-0.382706948324211
0.736,2,482.4706212551823,-10.44744337715809,-992.9649321667677,4.8596700753329864,476.6331593496945,-184.31173355923966,-7570.188461803598,-0.41248151449453074
0.7573333333333333,2,479.752284021407,-32.25473243627048,-857.046012815617,4.697845866564446,471.32724434155637,-294.9753619474359,-2503.709390759701,-0.4517620518820485
0.7786666666666666,2,473.0475748359947,1.9998995696107904,-1023.2351504781813,4.538946236585306,464.9082472894163,-286.18032398680225,3262.1180042605847,-0.49437020875402904
0.8,2,467.04769888956537,-27.82632553329826,-59.00025754837695,4.628951565227615,459.9224737397878,-165.33833030238748,7710.967929103412,-0.5324238273528051
0.8213333333333334,2,464.597843480546,-13.945564468809048,935.8384649879555,4.774474204949331,458.34423799018634,23.83277672622353,9518.176286482369,-0.5578533269943027
0.8426666666666667,2,464.52797581374716,5.173591150691513,513.7819129219856,4.717567826573105,460.9777821098755,218.35408123908564,8199.421864003874,-0.5648380447326861
0.864,2,467.9898058870844,33.79280612898783,564.701765843228,4.49178868255521,467.2351812650388,353.5654646330513,4081.637416966725,-0.5519050337330123
0.8853333333333333,2,477.0350205975212,52.27844030329863,-625.1329885065467,4.347190602908187,475.2872974151799,380.8141787694767,-1651.8719578161836,-0.5223606941414765
0.9066666666666666,2,488.3353339680018,60.49631891276952,-1254.3380499802977,4.462721699800461,482.60011811253713,285.4577636490576,-7043.5505434877705,-0.4827940970908588
0.928,2,493.09823080322667,15.271774936097966,-984.9974482639436,4.739108614489572,486.8029797158939,98.11503141047433,-9958.562814625097,-0.44080097168228627
0.9493333333333334,2,494.08250802168294,16.987221817371907,385.49611755471915,4.879378348521852,486.61889207953834,-112.40560855949298,-9130.335657858406,-0.40345948708484625
0.9706666666666667,2,492.37398160010486,-46.12619958663086,-2961.0576621548175,4.793114506592739,482.4108203231875,-266.9997519389726,-4914.525627159048,-0.37676724679878115
0.992,2,486.57996513849713,-111.78478326428728,-1861.2501035458974,4.630375023294809,476.02868668655236,-310.4024495682679,931.8042313682381,-0.3650278417844126
1.0133333333333334,2,478.7612143753136,-64.66660638940992,625.8084844246227,4.681589229614182,470.0488500644834,-231.2573815630749,6232.634726912249,-0.37009954288854524
1.0346666666666666,2,475.8383048810112,-23.40987345003974,839.9190933258393,4.870083007167539,466.81922796383964,-60.558223619591445,9301.48142762587,-0.3911922078916715
1.056,2,475.1670747707654,-5.901148131652083,935.1547032610864,4.890907137679899,467.7045092757309,143.5201877723448,9291.933568195556,-0.4251655249197897
1.0773333333333333,2,475.9347118333152,22.811368773306494,1050.668418217735,4.713061268343748,472.6998722691741,313.7241971096955,6192.081537097925,-0.4668837056203502
1.0986666666666667,2,481.2312538365871,78.60835174160147,-509.1707941781016,4.448021277726605,480.4260337562259,391.4577597854659,836.4410921935923,-0.5095068067695253
1.12,2,488.67698247746324,-81.60675140883498,-7660.232230494259,4.3481309198937135,488.510722391699,345.33139023417607,-5073.237603530753,-0.545038352947025
1.1413333333333333,2,479.9246330689654,-442.15951292625795,6842.550286599591,4.498343301975782,494.3501808486301,186.8881510933861,-9324.540107512148,-0.5656522389628493
1.1626666666666667,2,465.11975885095427,-213.19101066965604,22553.68082494658,4.69510409900735,496.07963517625313,-27.6295171007514,-10127.352886834386,-0.5660574486527905
1.184,2,466.27527292659676,215.00224013417838,19177.631901470835,4.678645112701892,493.34796137535324,-217.6857308037579,-7118.883786723716,-0.5459571027576618
1.2053333333333334,2,479.9678020423257,147.21747588936188,-7431.674633156512,4.525039232911325,487.4738270305858,-313.2104299189523,-1587.554460391635,-0.5103987269855516
1.2266666666666666,2,486.89700815851376,-42.26009425542531,-5032.290109335138,4.517182499359184,480.88995181120555,-282.99675755389035,4292.811521329684,-0.4674661621674582
1.248,2,486.91872287260065,-42.147799404464116,1848.3069308624092,4.721743949224396,476.19546837470426,-142.00895405141637,8519.65522671945,-0.42549299801207174
1.2693333333333334,2,485.3056645189667,1.247154435854164,462.3275130929357,4.867083567847112,475.2674356142012,59.810356272384524,9864.962568507704,-0.39148595977379896
1.2906666666666666,2,487.5798616568781,82.37530529328033,4219.959101078783,4.805611046960476,478.70453155986854,255.6438075187616,7967.8036747507285,-0.3706241272169111
1.312,2,488.3451482167876,58.881729772531436,-3560.9653559950175,4.603372551836735,485.6614432609252,379.92399932071567,3310.2756533781067,-0.36610855297615713
1.3333333333333333,2,482.22579018020303,-80.0324576504599,-6612.343153053602,4.476569690907837,494.07084813307296,386.8461202159524,-2731.120420620311,-0.3788494927586644
1.3546666666666667,2,472.70803968072795,-34.613042718639356,3714.1383118005842,4.544567719289174,501.2650637660169,268.6146515053697,-8035.9097113842145,-0.40693729604144907
1.376,2,473.48638769387384,18.541963301052128,-1105.4782383944778,4.738895977296265,504.9133799292669,64.72100539738312,-10461.918977090449,-0.44550651647546574
1.3973333333333333,2,474.1736445226274,-24.628411127888302,-1917.824534208301,4.782506607911626,503.9534684175371,-149.2749853436835,-8944.402710535564,-0.48775929666700246
1.4186666666666667,2,472.60859373137157,-5.411717430530532,1001.6270379703642,4.643260448646902,499.05018805365233,-293.1995986732654,-4139.9054713554215,-0.5264528154297518
1.44,2,476.4925509064162,211.09294253262794,7113.853593366527,4.441583807942831,492.3129967046425,-316.5214334852062,1977.9648380356375,-0.5546237273334745
1.4613333333333334,2,493.0513115000158,172.09991762049475,-6347.843634894267,4.504247605242396,486.4401872857329,-215.43801956996322,7186.4153221256565,-0.566416232884168
1.4826666666666666,2,499.47949570434304,-95.67774767388265,4549.016727315509,4.721154975776971,483.74059644306135,-28.054831821937114,9872.583984398458,-0.5589253697615791
1.504,2,499.19196278945566,81.19814977437126,4485.34828122603,4.7362357545147535,485.40920605848464,182.4678750699386,9306.807870034128,-0.5337531473478511
1.5253333333333334,2,495.0434751000127,-91.44374374218798,-3903.260556400626,4.543863150345901,491.1933639922733,346.6238142410293,5618.8292708254885,-0.4967604476424823
1.5466666666666666,2,480.3534201791003,-213.32025842202702,5065.916814506106,4.380807912162135,499.4531365441435,407.0200579985976,-173.25823288410902,-0.45604940341064537
1.568,2,484.36915352787906,21.462493166977524,2480.0405689987397,4.4422519302462575,507.6251800236467,337.62613973533735,-6174.744696356822,-0.4192969150113534
1.5893333333333333,2,498.896933548715,35.826577563634565,-1732.601923138565,4.670006779980663,513.0675238559254,158.58277212828398,-10085.338854232221,-0.39180469616324504
1.6106666666666667,2,503.66819420544357,1.4642829225815224,-359.6768544752659,4.865169811574784,514.0657978063705,-65.53360330779105,-10235.571817496093,-0.37648376377848514
1.632,2,501.5188086946658,-30.750259482755933,-1785.7866942735984,4.804623310539561,510.5546045065509,-250.43528391700238,-6549.611723050941,-0.37527441153962465
1.6533333333333333,2,490.8917595295374,-43.57391066814996,651.4718831559624,4.618091957478361,504.1501859153229,-328.6506238752045,-591.5290536356624,-0.38940437233593894
1.6746666666666667,2,474.4073291269742,-19.12749631288114,1265.0990165886672,4.572004156183476,497.4749590801986,-275.92391637386754,5344.969575293595,-0.4179339186113218
1.696,2,465.21467654617805,-22.9297286739292,1363.9941897309936,4.703518627021096,493.1551157525994,-114.96020172862336,9292.18747001246,-0.45682897979598885
1.7173333333333334,2,463.4765274409666,8.515154131671276,-1367.7558941244072,4.766080928894166,492.94460634048653,98.21410152548924,10129.105274566682,-0.4994825412817712
1.7386666666666666,2,463.72329988837447,-42.66492145186755,-1735.0396997857115,4.640671023405048,497.21569158076824,293.2643490191549,7626.6297139234375,-0.538017151531829
1.76,2,472.89840667911034,40.430704724070075,3388.725087373446,4.3861802595276185,504.8539397605021,404.2677901983261,2435.1990474355407,-0.5649130461964197
1.7813333333333334,2,496.71512679984045,103.67766385469723,2921.40669924313,4.258747636039794,513.5568958618825,389.088530336041,-3866.1467107017525,-0.5746165201684059
1.8026666666666666,2,520.6562186518689,67.28651615342076,-1155.976114226654,4.406363941162635,520.5445834657247,247.59845712548122,-9005.9072161105,-0.5645886478381651
1.824,2,529.4213763453621,23.408049131520674,-1757.3631499318215,4.626595335648032,523.560381252959,28.448817304801196,-10870.824940503837,-0.5359393208003806
1.8453333333333333,2,530.3245641559356,4.445587127364135,-319.5509712218275,4.6794521063604595,521.7879757896238,-186.59918231144547,-8634.680894204183,-0.49413067464997984
1.8666666666666667,2,523.0083862909001,-73.06779661797334,-2564.7607904246015,4.585683969134397,516.2071385777624,-317.370110926684,-3263.7108480564784,-0.44829131050705007
1.888,2,505.1108178215571,-156.09945588244807,2158.094220957545,4.522452480959753,509.17755255631215,-318.9890075302683,3071.6141872114968,-0.4080462096623933
1.9093333333333333,2,487.96437939205373,-73.73226699268407,3484.592980664204,4.673374411383928,503.4958169143616,-195.6077404380776,8126.875458275434,-0.38049997489250903
1.9306666666666668,2,482.1305624351853,-10.26596859352412,864.8932077435512,4.878109423284517,501.40455425125253,7.589370195753872,10377.4311728787,-0.3695800615562271
1.952,2,482.0491144202458,2.3889315985845485,376.67000107919915,4.843936217024239,503.9052274234389,222.71120657213032,9218.362575397827,-0.3767132926132107
1.9733333333333334,2,488.7318449544395,37.68306021653174,1132.6196885961285,4.615967678504333,510.48092317975266,378.44947280501947,4932.539016009308,-0.40129905511882696
1.9946666666666666,2,509.49398436083936,136.56832406753546,2043.346817842668,4.413696083671878,519.2271702271709,419.3468175744638,-1265.1754226540215,-0.44040379803686686
2.016,2,536.8922588413395,119.46007930586639,-2669.8604989730084,4.391830917995642,527.4035605841046,325.62535423459485,-7288.393246932421,-0.48781644493734444
2.037333333333333,2,554.340337035912,17.390379119348562,-743.9984985012336,4.56425933457303,532.3607117317658,126.6072936039418,-10777.003403739887,-0.5338108127109055
2.058666666666667,2,557.7660728299054,3.4041153173556316,-466.92390058048596,4.707401410830928,532.5700083798649,-105.00273100286722,-10223.512418582803,-0.5677452190138937
2.08,2,555.3217401587281,-47.984537381069465,-3174.4149417117346,4.5792856131532345,528.2741543609976,-282.1093518878333,-5861.982629627222,-0.5824887913088087
2.1013333333333333,2,540.9209868027801,-174.33445412982226,-4453.344697796996,4.382153510236859,521.3865128360086,-340.91578878229484,477.92511340160854,-0.5763787762436847
2.1226666666666665,2,521.0113161063633,-117.72995328633695,2645.6819397752506,4.428694260979692,514.69979999872,-264.75890203472227,6408.963915901259,-0.5520730417914482
2.144,2,511.0458827368309,-49.72699152338411,3991.9905433011177,4.632510190988597,510.83999599525265,-84.20536853652447,10018.214366413245,-0.5151642712121776
2.1653333333333333,2,508.390452065132,31.949663923628762,-253.44125891810313,4.70962997799089,511.4117283767739,138.816707292106,10301.210917519871,-0.4732268408626625
2.1866666666666665,2,513.9744887543184,48.08776586534723,1722.4303157111356,4.612122002989285,516.5404646221584,330.8206137358211,7170.136165815406,-0.4345382061100442
2.208,2,529.658891798739,113.63176593688287,-2018.0825895019507,4.433873609632895,524.8326159289894,426.14976263418794,1457.83793460764,-0.40644798363303775
2.2293333333333334,2,551.471886654025,23.883608978002915,-3909.9300479568237,4.411563390950827,533.7568408074784,387.2183981449343,-5046.896724023856,-0.39352787982800475
2.2506666666666666,2,555.0351540509705,-210.628474154303,3743.441053897897,4.570279893455438,540.44596309792,222.36404522880912,-9938.619227136252,-0.39605235463117944
2.272,2,540.7423900585381,-170.8176434482718,14847.958555023593,4.737325744398627,542.7536506843846,-10.4426064575091,-11172.9747047809,-0.41080281290898296
2.2933333333333334,2,540.8773470860629,186.61253888321528,15493.92487461767,4.723922537558691,540.1398437239915,-223.9388760784641,-8197.052336287918,-0.43457426627885054
2.3146666666666667,2,555.3692182460484,153.62861742331899,1152.8848007585611,4.565238378746157,533.9087416340841,-339.0763145252131,-2290.050622073002,-0.46587027057671687
2.336,2,554.3460766190427,3.8782182173520434,-2008.4678292579729,4.441203399493977,526.6573349447136,-317.51531631918624,4203.89963128278,-0.5023435845481792
2.3573333333333335,2,542.6876489506396,-55.242182123721975,1550.2662198232365,4.540188838838507,521.2547230328757,-171.6866367761977,9043.572711771354,-0.5384383885108627
2.3786666666666667,2,536.7370885125565,-8.02758956742146,807.6698339601292,4.70691062359147,519.8494014089649,46.231144558638334,10805.812412859697,-0.5666283481011685
2.4,2,539.3460282461915,90.32971323390926,4788.489309648776,4.610960834680287,523.225620979179,263.90933908428997,9018.759165879339,-0.5806534255365041
2.421333333333333,2,546.4785178802747,0.005789999537540546,-3757.4259035317614,4.35652161992465,530.5869134074004,408.7487007607706,4131.219528621528,-0.5781535459484701
2.4426666666666668,2,551.4342792466067,-84.25911661800353,3166.58281744617,4.2270052874910204,539.7630244761948,428.03353129234165,-2432.6046248865314,-0.5609539925119158
2.464,2,539.268772380165,6.810811857994332,5956.263759353405,4.337350041218619,547.8542787766517,309.1525898515247,-8400.241043408401,-0.5326683639578684
2.485333333333333,2,538.1217524013094,94.95771715721044,-4908.848579667371,4.600299183823711,552.2377694409156,91.10394210042432,-11384.951418282115,-0.49640723609067305
2.506666666666667,2,540.285891260581,-8.656634806323057,-1025.6204554519516,4.727674597320435,551.6062530046541,-145.64397305902094,-10083.167536198744,-0.4562112526079678
2.528,2,538.3887024875216,-61.192831133357515,-2047.5982785083622,4.625716980137639,546.5301093540988,-312.24150126986206,-5057.0142427396495,-0.41961371193455854
2.5493333333333332,2,541.1165361812916,27.711083963185576,9614.213911055913,4.506874612788054,539.2154616677799,-349.6370547232218,1613.3308578263968,-0.39567010245483286
2.570666666666667,2,558.0312856295528,29.918667977241796,2943.73924467225,4.58455878978613,532.6030264559191,-249.32735595107079,7474.55576622067,-0.3903766885537294
2.592,2,561.7563110252412,-35.59650675051609,1612.5454600165422,4.7370809712721,529.2899842842917,-49.79633206920698,10687.043373459892,-0.4050259664277976
2.6133333333333333,2,562.046028650126,48.6668189322114,4082.572750879353,4.74221233023282,530.7051979998265,181.34859931794927,10371.93288745964,-0.43748131815739766
2.6346666666666665,2,562.2048405736233,20.559077379512676,-3317.6505077384177,4.571725437040322,536.7076298782943,367.8835433595814,6593.342911461368,-0.48345787022079656
2.656,2,550.4838870822089,-169.1300500974185,-3206.907142240787,4.324118582393289,545.6165115743565,445.11442202841863,381.1828074986115,-0.5365240106806592
2.6773333333333333,2,543.142672406489,-25.99195308846889,3025.556567445801,4.237777783897445,554.6813784646762,380.94024047628045,-6261.6800833418965,-0.5870183046927899
2.6986666666666665,2,551.1930615774305,76.44434283578533,-3057.3542218046114,4.366106236048591,560.9766869682452,192.91990502923727,-10818.461908945581,-0.6219993589804814
2.72,2,556.1819066980612,17.389363203625866,-737.0406802436277,4.544355465644186,562.5042415856437,-51.64151232363656,-11356.765503080154,-0.6299039440615107
2.7413333333333334,2,555.0054142509242,-36.31334158191758,-2662.494084938442,4.498614975480394,559.0287824435305,-260.82628560066223,-7628.818242801353,-0.60816034113382
2.7626666666666666,2,548.1587527768601,-69.03461106488861,-1330.1559292331162,4.364583812721702,552.184631436505,-357.88445468386635,-1224.2862023394555,-0.5650529523057708
2.784,2,537.2361635681699,-49.23640537329459,351.0974801176992,4.387372772823347,544.7896139791446,-311.83336169226095,5365.188815638656,-0.513572021547697
2.8053333333333335,2,532.5230844813516,4.445727560471053,2760.2620577760886,4.594348134785743,539.7575422455,-143.63050732482225,9925.609689220204,-0.46513632213950573
2.8266666666666667,2,531.5673595069846,43.05799904028491,-3752.6607457647087,4.773935915095917,539.1142451085119,87.68474775319919,11147.361321361153,-0.42808182332771877
2.848,2,531.861034776918,-31.154978666269265,-3648.4927002026297,4.662657884337229,543.4033375934544,305.6813394566998,8700.606473733904,-0.40851196510104015
2.8693333333333335,2,537.0901717982345,65.81441424822613,2205.5155732906446,4.456838753320363,551.534911962692,437.0475437217392,3214.1793882525526,-0.4104752062613674
2.8906666666666667,2,549.8681869027156,131.1996868600799,178.9155551224575,4.3443762342733,561.074690129956,432.68832132266834,-3667.075473810546,-0.43430600366494976
2.912,2,564.6014399406702,99.50574097063448,-2119.036458113591,4.409613371971268,568.9854998320762,288.0776133015752,-9495.150337915402,-0.4740386314535052
2.933333333333333,2,570.8057856229082,17.721083240273718,-1302.089722054564,4.5932424482347765,572.7076340090264,52.27271590521559,-11894.765893014497,-0.5182105281213167
2.9546666666666668,2,571.3618484841758,-14.423175003621813,-1616.949683975394,4.607490466048097,571.1905270231291,-187.02326154895127,-9807.792998838471,-0.5563850984420617
2.976,2,568.5479580674341,-70.01480036579642,-2863.315702174579,4.459988997230621,565.3485372958601,-340.35447677364573,-4137.150065968279,-0.584476577829966
2.997333333333333,2,558.5939381044011,-193.82481692608042,-1241.8126429807662,4.298897745727081,557.6721902169387,-354.4609170765616,2806.2214013230987,-0.6023763343382238
3.018666666666667,2,547.6094266157546,-89.71745674555163,2615.6653331701305,4.383801732909772,551.2251762126355,-229.48665658617392,8530.927347031422,-0.6090862891597638
3.04,2,543.9826847361537,-22.441821080661047,1467.5750541992222,4.542061922361631,548.5461539076186,-11.82614171365276,11287.675101296212,-0.6028932944560257
3.0613333333333332,2,543.6006128938583,3.3045012970914764,1167.7159576190393,4.54783158955574,550.8616895814354,225.49673893675208,10332.075571628753,-0.5849320251379786
3.082666666666667,2,546.9999620509881,65.52835777313481,2023.644885044998,4.3706319394338475,557.7454080602693,403.992024440784,5892.2318229535595,-0.5607095687874629
3.104,2,559.5626017431318,158.48529333645106,612.6223212168941,4.220956666253856,567.2237073951071,460.70345255499706,-790.0743177151307,-0.5375369693534939
3.1253333333333333,2,575.7723320476621,106.8551489211748,-1898.3379400976391,4.27191404394159,576.3405858194645,369.9929755721241,-7497.208300969098,-0.5192542970165606
3.1466666666666665,2,586.7923681881201,17.645098300404495,-686.4677606226804,4.4801724108943395,582.1446465302654,159.33212223416194,-11629.406735317782,-0.5033763596636248
3.168,2,589.0857421219575,11.694505190257265,-610.2102981591504,4.671206848557695,582.8248340972287,-94.78432560199872,-11411.515058034682,-0.48596042770262154
3.1893333333333334,2,587.0586901416617,-49.25776037123289,-2976.0711454761026,4.5807249749518775,578.4769618488492,-296.7694124067202,-6928.775263010524,-0.46941100733055957
3.2106666666666666,2,579.3755818713463,-82.832644364254,-627.5870301003663,4.435584008426254,571.0670879817758,-373.36651860922575,-72.99841661006212,-0.4626222764148829
3.232,2,567.7041605228061,-82.31419357767071,1057.2730468901634,4.434100095200118,563.6139437529959,-301.7025862522423,6545.111384252086,-0.4733384565371691
3.2533333333333334,2,559.9564575612363,-58.2397785000453,3538.6547910443205,4.566980243126197,559.0464896612564,-111.43376313848421,10761.660832898575,-0.5025816060742745
3.2746666666666666,2,557.4227517024425,19.743920658915304,283.7860411824831,4.659559301957612,559.2388717242786,131.71993312845007,11391.626123325084,-0.5456740144074745
3.296,2,560.3149539764472,59.76327606618003,2941.9051058189675,4.467855191281032,564.4710833179271,347.6066140793264,8257.117736165179,-0.5956062025445908
3.3173333333333335,2,568.1229838617371,69.60550463775265,129.9669071472939,4.216293478258931,573.3476106948881,462.85480744950473,2182.206189263612,-0.6446751865696472
3.3386666666666667,2,578.6402987647384,-49.416479910245464,-3054.8175756979676,4.0872816593788395,583.1752843967779,432.93888701638207,-4958.304005668964,-0.6834733738178727
3.36,2,566.8143269521378,-374.44031515369454,5445.456192387468,4.198978101608187,590.8053081159886,262.3221466243267,-10556.946376353968,-0.6998747478340989
3.3813333333333335,2,556.329065282501,-97.37236057306275,9305.198270936311,4.3939854513613845,593.7803992323844,10.372460157610476,-12292.440952750883,-0.6837107841408193
3.4026666666666667,2,557.1163969063028,125.03100526577035,11733.532712407974,4.428817448880383,591.3410516736816,-228.66871979134157,-9392.051545891445,-0.6357611226753169
3.424,2,565.9261723594382,402.6222314449647,5218.634735834752,4.34670319061212,584.758200062425,-365.96497186645865,-3106.2592305205762,-0.5704264924256114
3.445333333333333,2,581.3056126917795,75.15707644987054,-3449.4711112321884,4.3328273253877825,576.7943889153329,-355.05329504422843,4047.1886135698296,-0.5077459730469823
3.466666666666667,2,577.6715099565649,-66.76268511560694,1975.226930356992,4.510624614172606,570.6087249169096,-205.1291233212687,9566.71141179977,-0.46312707370694733
3.488,2,574.5402070643834,-15.296449562640474,1370.2252285890438,4.66844376208007,568.6506664611536,29.568440586328506,11808.847686261404,-0.4443673038839565
0.7146666666666667,3,731.2194367753176,42.10009470768562,-2896.4399609190273,3.2286896460500882,718.2575591700027,12.546890946105123,-14869.366927074036,-1.7380761336669577
0.736,3,732.2135239638693,-9.11185536735737,-1992.0069974505654,3.2272893608605546,715.3068389614101,-276.60568915400654,-11360.954375938745,-1.7592558377904033
0.7573333333333333,3,722.9399226155299,-152.94240975572046,-5425.3550240775685,3.0280754577131903,707.3439911867243,-442.68404240719974,-3757.4399113659747,-1.7731096346295432
0.7786666666666666,3,706.050845506534,-148.93114806280866,314.60355289092973,2.9546281641892542,697.7106864100832,-429.4848961047828,4895.621029657312,-1.7804476249521974
0.8,3,690.9039573639253,-92.32798664358228,713.4493349531236,3.0380195783123938,690.2282906774237,-248.13136914139614,11572.229049169691,-1.7876344997019566
0.8213333333333334,3,685.3602947350424,-68.46573201057488,4637.340468060788,3.2133000274208627,687.8597546176927,35.76702092401683,14284.39557273098,-1.8026654342291706
0.8426666666666667,3,684.8611396080565,31.263524097902383,2718.9578182422206,3.144227166104832,691.8120438836984,327.69471565587446,12305.275929161813,-1.8268345758359708
0.864,3,693.7691276623057,129.763965190895,3447.062380908754,2.914930457275132,701.202830743569,530.6130929244682,6125.514144078363,-1.8513480903175892
0.8853333333333333,3,714.0779199751815,180.2015823214291,-443.8162849497924,2.771271457942979,713.2870377218791,571.5065792296082,-2479.0455456827767,-1.8629971050469194
0.9066666666666666,3,730.1659077594417,-184.79347216730815,-10858.096645802156,2.8145684785621565,724.2617476309737,428.40051424782723,-10570.602944122162,-1.854325883885253
0.928,3,727.2773845598813,-430.8289221344361,17350.310813363154,2.996600081754992,730.5691888761258,147.24605620931834,-14945.305326945265,-1.827477663219516
0.9493333333333334,3,721.980594625265,-18.801891001974663,33822.90254357029,3.1129571304688874,730.2929195006735,-168.69262862484902,-13702.344059945666,-1.789510724127936
0.9706666666666667,3,726.4917492940223,374.1730940382263,16188.382974273281,3.0658079571432704,723.9776591225141,-400.69966769311577,-7375.4704725006595,-1.7475734411373944
0.992,3,729.3622024994249,143.82755559895193,-10388.190371496205,2.9950744019630196,714.3996770876943,-465.83623201865703,1398.4044715766795,-1.7090712480706804
1.0133333333333334,3,718.9721573743045,-168.5045694783724,1467.1087517167796,3.060720439546622,705.4254419810269,-347.0593334687874,9353.621659801109,-1.6848216419151734
1.0346666666666666,3,708.9645896904195,-64.7528836639224,3942.6324428087914,3.2161360970185857,700.5785891539946,-90.8827064614743,13959.190931172692,-1.6882947033436557
1.056,3,706.4675610044084,11.223180243696438,2066.7973317017404,3.2153127179694465,701.907174386429,215.38780890218914,13944.861989469966,-1.7272241110426165
1.0773333333333333,3,712.67977535403,146.44672368829546,6655.140808670547,3.0761586488207615,709.40396146935,470.82134202774614,9292.761499063112,-1.7951271875698296
1.0986666666666667,3,726.530312181489,131.14256823966122,-5415.042535914767,2.827054605379298,720.9989922434337,587.4799250662327,1255.2883028988726,-1.8724729111234708
1.12,3,732.5142106923646,-321.34693926366526,-3112.2564755037306,2.713134867590137,733.1320823534833,518.2558122472838,-7613.657327369321,-1.9373565450461836
1.1413333333333333,3,731.531509850689,-31.858836969664786,9603.974511052924,2.7893662899210576,741.8956450392452,280.4722457425669,-13993.796227501472,-1.9751549636898549
1.1626666666666667,3,734.2197597627048,60.87825064615699,-13170.606147308263,2.9638350701686282,744.4911222609896,-41.46497605461627,-15198.616884650488,-1.980054592232982
1.184,3,735.8409075531908,-54.619356762422406,1071.025572354381,2.9600694598923623,740.3915649530982,-326.69168926775455,-10683.659238741733,-1.952734138448504
1.2053333333333334,3,729.8786416441654,28.545302064717017,7568.648150051109,2.818200717334484,731.575962455943,-470.05030632112175,-2382.521118969191,-1.8993260030407426
1.2266666666666666,3,729.2209562183086,225.94551202989788,-9339.416677518722,2.852667178750206,721.6952168995139,-424.70716128498316,6442.433506251313,-1.8323030470788202
1.248,3,737.6432347028713,76.97924240790758,-3179.2978090740926,3.0242565390151563,714.6499745749932,-213.11982608493418,12785.86587867071,-1.7702940935637068
1.2693333333333334,3,735.0714795129186,55.683697431522575,7671.349387177457,3.2226036764613477,713.2572301396841,89.76034512929618,14804.834811018663,-1.7320302219743535
1.2906666666666666,3,736.1752163900121,-47.141587900650244,-4738.9087226045185,3.1350510800832696,718.4154491764309,383.65724303759634,11957.67509937426,-1.7264409191746186
1.312,3,730.9779832469907,-262.64745529729583,-9145.650267453657,2.957862870556479,728.8560289392951,570.1706431228667,4967.893593013752,-1.7488516150532885
1.3333333333333333,3,729.8570175861181,-25.416195029477965,9258.44697641088,2.8305764959252016,741.4764366861037,580.5590106109157,-4098.726823926438,-1.7876015659397724
1.3546666666666667,3,748.9566399696669,147.7431811694792,-2633.8757562339065,2.855116161755249,752.2731501380781,403.1232269462198,-12059.885183350649,-1.832890818115511
1.376,3,765.2871510534313,51.16089171416311,-3478.1644959227388,2.9599113454166863,757.7483577502105,97.12999793794006,-15700.71667805477,-1.8785839271544515
1.3973333333333333,3,768.0747302347762,-37.342362531306264,-3923.0683655061107,3.0136403887448346,756.3077713040745,-224.0243168314919,-13423.305334524484,-1.9190611069043526
1.4186666666666667,3,760.8982042780939,-107.67119331228662,-3466.4390238379146,2.858333517665421,748.9491771550286,-440.0190670695156,-6212.959874422289,-1.9475709095843026
1.44,3,744.5331580234817,-39.72532024522934,2141.6364443240445,2.7423173853173872,738.8383425376607,-475.01929231826216,2968.4291593739763,-1.9584907473719007
1.4613333333333334,3,727.0415581909398,-83.13157005945831,3776.4248298346183,2.7987393364465043,730.0247284219441,-323.3184383986518,10785.007126630284,-1.9518570451309818
1.4826666666666666,3,713.9118247836806,-45.101154971011574,3785.5977263072145,2.9682097733125063,725.9733195883765,-42.10326678864658,14816.272649915685,-1.934748272319249
1.504,3,713.2061872105577,42.070953082880145,2840.1772823434376,2.988041651956112,728.4774841561492,273.83851997740567,13967.184573394945,-1.9156091749069286
1.5253333333333334,3,723.3908452005514,72.20756156675526,3536.527320730637,2.8460489282470065,737.1580546253062,520.1954165594652,8432.453596965875,-1.8973684894189768
1.5466666666666666,3,744.031008634374,81.96599512398747,4522.081250846364,2.7183307830864423,749.5539017851629,610.8350318679586,-260.0171472877264,-1.8780767709650976
1.568,3,767.887194625485,64.12078131513717,-5642.832268920586,2.746931977380163,761.818089608675,506.69216362107545,-9266.743250191677,-1.8570221069785746
1.5893333333333333,3,786.9008773467947,106.14133422070624,-5855.026911867235,2.9232407686319966,769.9856828338714,237.9929705252871,-15135.564364494989,-1.837290087129139
1.6106666666666667,3,794.959986886238,19.9521812881139,-2696.77314880807,3.036328031042002,771.4838416797322,-98.34950361493975,-15361.02635599859,-1.8231754207349689
1.632,3,791.8834510858063,-75.38158568573124,-4556.318098947192,3.03267021435617,766.2144210970283,-375.84055533912033,-9829.324627296068,-1.8174294338629338
1.6533333333333333,3,775.7743973715748,-57.42991141856285,-1019.1096707352023,2.8840314042665134,756.6029949341332,-493.222165254876,-887.7367582172155,-1.8210757188487519
1.6746666666666667,3,759.1766149713421,-74.38636712496232,-238.99277979427302,2.8656531817328794,746.5851535122359,-414.09260044805706,8021.458888426889,-1.8353685401237572
1.696,3,744.5983881746909,-94.15658650605083,3646.852758117144,2.9550413939972544,740.102152036448,-172.526432313025,13945.243041964015,-1.863071176714124
1.7173333333333334,3,738.8206134839758,-21.559397649239497,2969.952284334389,3.0515855997757138,739.7862302018121,147.39473560638726,15201.246779413894,-1.9051370620377883
1.7386666666666666,3,743.4565621318242,94.66859352777702,5425.206717835996,2.8789524965782896,746.1960580164128,440.11624110117555,11445.65853662882,-1.9548255899307017
1.76,3,759.2234782806586,88.99388219006111,-3605.5945795322623,2.675563986793332,757.659152963694,606.7045681327581,3654.623055826407,-1.997882516472953
1.7813333333333334,3,779.3537889591673,29.266036212766387,-5084.4712953222215,2.570881645603567,770.7201074868578,583.9243058338761,-5802.116626874078,-2.0207014264121006
1.8026666666666666,3,774.4268358431557,-353.1829536566161,6931.289202052107,2.6637679975223953,781.2068741616187,371.58318976312876,-13515.608182178345,-2.0175634166010368
1.824,3,769.9146220417816,-96.96185894322805,672.5620954129215,2.8425100480988603,785.7328303185016,42.69454018957913,-16314.381983132946,-1.990961382178541
1.8453333333333333,3,771.9466252930639,158.05959758463314,3206.3916074507715,2.9195412692457996,783.0728942136238,-280.03857606928796,-12958.490565420361,-1.9480152397297126
1.8666666666666667,3,774.5870402353554,385.78194201099006,8326.322506153308,2.8135863678361415,774.6974571579617,-476.29294432140887,-4898.011498154141,-1.8973521273346554
1.888,3,785.0304170793469,103.68126905433434,-1134.8951703173418,2.798015391868662,764.1478114659342,-478.72250212635845,4609.722571448423,-1.848193677113383
1.9093333333333333,3,776.1241778168894,-101.34370080174426,-1704.6428716398705,2.918727444364417,755.6209511706851,-293.55816259235144,12196.401955544949,-1.8109307105433134
1.9306666666666668,3,770.1313008345533,-124.12565960597735,7976.654919547996,3.0902159291206877,752.4824903740683,11.389741350896657,15573.92167300159,-1.7958249540841336
1.952,3,770.6384513513963,136.7318673657233,7901.880649618158,3.080217405211095,756.2353736701294,334.23366807214916,13834.450375289889,-1.807924033852607
1.9733333333333334,3,778.2411059829426,88.66803252956427,-4468.159623737184,2.8713469450088858,766.1038439037957,567.9577486142516,7402.504049242474,-1.8433499733858065
1.9946666666666666,3,777.452594009885,-156.4968100404955,3770.650634967369,2.7112846845203724,779.229767280172,629.3344066059217,-1898.7110238531604,-1.892312567908554
2.016,3,779.7402790296209,274.3440035799461,559.4150140374212,2.684796355513095,791.5004786765686,488.6819942230359,-10938.05042466661,-1.944674317551115
2.037333333333333,3,796.5155584954273,175.54380462721429,-8361.817913242992,2.8045995856902395,798.9399193619911,190.0057962834835,-16173.579392934917,-1.9917939148070853
2.058666666666667,3,802.6760377722629,-53.51954191904426,-5989.997039131805,2.8091876525056043,799.2540211419872,-157.58276595640928,-15342.928228921955,-2.0257455571135017
2.08,3,798.8658538968278,-35.03241893058743,2788.4167130475157,2.767606376194491,792.807021602408,-423.37538792937994,-8797.365814436693,-2.0396446152545544
2.1013333333333333,3,788.0710090492653,-74.6385366663185,6361.462558733815,2.6338960360087835,782.4703990017874,-511.6291018417105,717.2457352271304,-2.029979737693024
2.1226666666666665,3,777.069473813703,238.24792957138914,9715.506706293678,2.6788983230218606,772.4353199711773,-397.3367139613256,9618.247557444964,-1.9994969690545499
2.144,3,786.2320890717602,317.09084000387884,-11011.07076852918,2.8246939045495556,766.6427221492008,-126.37114059273154,15034.827332965331,-1.957719014876898
2.1653333333333333,3,792.594554119294,-0.5963487089342148,-14502.3217465587,2.936637446637234,767.5007490710285,208.32906427048147,15459.534186851,-1.916565660082555
2.1866666666666665,3,782.5621759643768,-327.4233974794586,-13619.807285649913,2.8570269076155475,775.1976959568855,496.4787758337334,10760.576209068764,-1.8839414184308472
2.208,3,779.4430237240622,-114.57951248018756,8233.635684598994,2.723206128006361,787.6421355077797,639.5439210524783,2187.849137935322,-1.862172547301947
2.2293333333333334,3,797.2800856469893,150.92228322836735,2842.9275688027806,2.7066525666903236,801.0351589741333,581.1177064199001,-7574.12629387388,-1.8515799950800356
2.2506666666666666,3,821.2901984492285,171.21517798270725,-5098.628028434122,2.8154568847653016,811.0738539896673,333.71266595926136,-14915.374981221044,-1.8529451765768226
2.272,3,831.9342605108785,34.92908213352846,-4092.0663057457364,2.987751308928796,814.5371143197643,-15.671733426861465,-16767.8329926226,-1.866726265862703
2.2933333333333334,3,830.5678241857555,-96.26086254326553,-6130.2954801496935,2.966549448687433,810.6144455800461,-336.0760921193287,-12301.719842463732,-1.8915737466632019
2.3146666666666667,3,820.5079606420798,-162.4059646350656,-2240.7407525942235,2.782565600228162,801.2631240201725,-508.8685122989118,-3436.7916639852338,-1.9239233821735091
2.336,3,799.5979953690116,-200.83226839737975,-873.3619239788106,2.707196766591677,790.3805811352541,-476.51086119934916,6308.999067181256,-1.958911658257523
2.3573333333333335,3,782.3564007219887,-113.80198761140852,871.8236076554742,2.761719299718195,782.2726155584053,-257.6585850873962,13572.134625186212,-1.9919441451198356
2.3786666666666667,3,776.2842673390595,-73.92801978637108,6026.013515458997,2.8905133171919757,780.1635802367854,69.3813538281247,16216.814490015386,-2.019053774250083
2.4,3,776.4018484719883,53.99860812943328,3675.818624029905,2.8241747574241294,785.2304391009578,396.06173303257674,13534.895718080923,-2.0354748743481554
2.421333333333333,3,788.930237319544,191.41877865867,3487.5065627066124,2.612017870207134,796.2778929220176,613.4292911337689,6199.924467140809,-2.0358925953339195
2.4426666666666668,3,812.3938941048863,10.404939090278086,-8503.505034957921,2.5213977084648524,810.0489343903315,642.3709853840992,-3650.7294662250206,-2.0180777142301327
2.464,3,823.7115484448539,-411.8191393686439,-10676.572409085322,2.5986618948799425,822.1918779169408,463.9605060312897,-12606.655128284823,-1.9854100664647798
2.485333333333333,3,817.7205946180577,-461.2008732795155,15715.225083883253,2.7769683568288928,828.7703980831616,136.72416944149882,-17085.956878984813,-1.9452598092311015
2.506666666666667,3,814.0108565529963,-17.610484590359675,18065.70815752819,2.862595035972638,827.8226502882103,-218.57507800031453,-15132.305748782586,-1.9056906207996063
2.528,3,815.2613949314166,387.56283621083776,14194.661801703387,2.8516259598559626,820.2046316976725,-468.5961874127388,-7589.3101449962705,-1.8733195030743852
2.5493333333333332,3,819.7889283459599,248.12871997595735,-10976.13336309058,2.773964884708795,809.2271799363307,-524.7175348410383,2421.205021438189,-1.852960494353931
2.570666666666667,3,814.788097951551,-84.03702024528177,-7007.70090472211,2.828466819030964,799.3035729936527,-374.17783331591636,11217.433685453143,-1.8483795235227458
2.592,3,805.6659125121869,-129.5794917041991,7499.334847284809,2.921647921999219,794.3315275607121,-74.73180618230253,16038.571933264844,-1.8624750963928698
2.6133333333333333,3,802.694497684857,64.66745264749103,5493.845820550429,2.930750426778416,796.4554084310553,272.1587677728385,15565.670125167351,-1.8952421110542697
2.6346666666666665,3,810.8846803278345,104.38960683453095,-1900.0292013438557,2.801254281065948,805.4635533509892,552.1009383108467,9894.954197123181,-1.941301573929318
2.656,3,822.2682471751936,-17.99809178831953,-10240.181808142695,2.6011178881209527,818.8335505483852,668.0051187202334,572.0597896729596,-1.9908383804102807
2.6773333333333333,3,822.2919500920717,-147.80157121393333,11464.819386061194,2.5316371487158147,832.4376424033609,571.6957662375644,-9397.211456660181,-2.0332325050365294
2.6986666666666665,3,834.2362152606064,218.24145317857005,-5987.900721386078,2.6135826808893934,841.8853216880306,289.5243957163766,-16235.798193122027,-2.059831368409897
2.72,3,843.2542954076545,-50.230947418957356,-8477.333651515297,2.7672310761589007,844.1777980784753,-77.50095899682492,-17043.656878197973,-2.0653510217680453
2.7413333333333334,3,841.0685400916205,-91.35617075101305,-759.9256747523067,2.748960196803767,838.96200550484,-391.4348429432139,-11448.942974195816,-2.0488330338520013
2.7626666666666666,3,831.5804346220712,-79.63147021215731,4149.083245456749,2.622203668692913,828.6906512648421,-537.0948138451204,-1837.3465463495813,-2.013959134063248
2.784,3,827.7779999751885,356.6161794533331,4244.846963025369,2.6503647510739383,817.5925846328312,-467.9836722621694,8051.802892249543,-1.9683974915928073
2.8053333333333335,3,834.9705329532941,239.06138347447046,-3431.349963037,2.7969154902465916,810.0407069369289,-215.55337088368833,14895.850924796658,-1.922261793988489
2.8266666666666667,3,834.3758423911293,61.29982470089564,-10996.461310572304,2.969590642509241,809.0752792646291,131.59281621593982,16729.393724331632,-1.8854012249039718
2.848,3,833.1723788684524,-335.7943005328437,-10506.647027449264,2.8883824376825222,815.5121314374892,458.7510297317058,13057.42832088843,-1.8641098012856812
2.8693333333333335,3,826.452629040432,-381.9691879043216,5962.646504792279,2.7331624921119224,827.7155852756046,655.8987574465573,4823.677182204556,-1.8600239675512165
2.8906666666666667,3,834.3857844103954,59.610390967865975,9768.658681464834,2.652739175290996,842.0323998558762,649.3566578608006,-5503.360619761981,-1.871989170157951
2.912,3,857.7133882026976,120.63414407732103,3006.1118448692087,2.7070277172007238,853.9045412934745,432.3322515524924,-14249.839397130068,-1.897797862534433
2.933333333333333,3,874.0808579613422,98.10782443048127,-6481.880737760106,2.7961934118050435,859.4905312316,78.44823727663606,-17851.06055441097,-1.9340824171664066
2.9546666666666668,3,877.7024751895098,-36.86755526850037,-4185.6621569363915,2.8162150879882355,857.2137341159125,-280.67501265276223,-14719.037627783371,-1.9755770545481266
2.976,3,867.3138192330048,-167.89114359561236,-6208.882310109807,2.6976673183044415,848.446372628182,-510.78671328537166,-6208.824707187712,-2.0151098772608607
2.997333333333333,3,847.8812182926442,-66.41529347397972,929.9118627710343,2.5827368669162003,836.9261007879147,-531.9569424744695,4211.434559903108,-2.044895857650101
3.018666666666667,3,827.8356747225157,-168.9616453659804,6193.78073504906,2.6290281407672564,827.2507495923537,-344.4019193518907,12802.78250949434,-2.0589330041245346
3.04,3,814.9059059537315,-48.20164202411218,4606.445758342043,2.712109872671918,823.2302089754917,-17.748072873800993,16939.969545209562,-2.0550925417508084
3.0613333333333332,3,814.9614921595984,59.27973500885099,4247.176795694654,2.721045296652621,826.7052473165086,338.4140535769984,15505.854293685174,-2.035121514389986
3.082666666666667,3,827.3744360831095,127.64851290751687,4051.0933033850215,2.627625091768621,837.0359824086978,606.2907128883526,8842.76228585653,-2.0031321548783825
3.104,3,851.44972637186,154.122610356739,2279.4245440220434,2.535438860008447,851.260532679567,691.4003440197557,-1185.7033912078477,-1.964727784094651
3.1253333333333333,3,869.797249893583,-181.8510968275286,-9052.901555023582,2.5897167198428055,864.9426808033362,555.2666670428589,-11251.429466517176,-1.9265792311370928
3.1466666666666665,3,867.095647395305,-385.9861002304664,14630.862293753344,2.779773430351934,873.653120349438,239.11755710747093,-17452.823007504456,-1.8952699866339704
3.168,3,865.6997312384705,26.814149441074242,19308.531397848972,3.009660230393423,874.6739113055042,-142.24750208761543,-17125.822249824647,-1.8759006711196697
3.1893333333333334,3,867.8882981428105,397.2517616233263,12385.001060983857,2.896429065018703,868.1488454489034,-445.3764622230083,-10398.354012506548,-1.8713121645820308
3.2106666666666666,3,872.5479784306386,347.52950451552766,-10024.26109363597,2.7222041248804274,857.028483071702,-560.3295091027394,-109.55231823027134,-1.882077972243939
3.232,3,864.2054449716314,-146.43112162639673,-2020.6902427725815,2.726538581480795,845.8431827332071,-452.77991899009794,9822.570757954381,-1.9069654951291841
3.2533333333333334,3,848.5139123328231,-114.47466252136546,4641.574820806778,2.7983422885717624,838.9885795979129,-167.2341323737055,16150.554042289848,-1.9432294813340079
3.2746666666666666,3,843.5721434047684,-21.514221985266424,4285.58807618891,2.8830877680716136,839.2772968276606,197.67858602944762,17095.9739517211,-1.9860510726351221
3.296,3,850.9146186582713,201.33837158850784,10271.919249339575,2.6866308047777956,847.1295342610283,521.6703526424244,12391.862947511487,-2.0277766769278585
3.3173333333333335,3,868.9403568902878,139.89293096781236,-3590.706055119097,2.5011250641129803,860.450975739484,694.6289881849661,3274.9442160176113,-2.0591027514869107
3.3386666666666667,3,874.662406072876,-258.95212040058243,2789.8982006977753,2.4918033844039833,875.1998493168788,649.7326941285282,-7441.17082468234,-2.0723952269729913
3.36,3,883.8298433169505,-16.143743995474722,9685.26792817838,2.9101898251075635,886.6506014114996,393.6797551959753,-15843.32896585064,-2.06459808445902
3.3813333333333335,3,892.403824162293,125.9954129940136,-8235.545356995959,3.0300027695325746,891.1154670641428,15.56646142154932,-18447.87108714557,-2.0379469329657818
3.4026666666666667,3,893.8720620624206,-66.99655109971971,-6768.182460516353,3.0762796177736895,887.4546181342769,-343.17440134938806,-14095.113979635295,-1.9986394664031386
3.424,3,882.7648651141362,-124.53734038839438,3775.043761282488,3.0356990659290997,877.575408756934,-549.2216436509043,-4661.716092372313,-1.954646957270875
3.445333333333333,3,874.6201127357532,203.56150484711299,11843.854726530699,2.76232699872146,865.6237254424867,-532.8459532428533,6073.8151352945715,-1.9139435952511892
3.466666666666667,3,881.5017387749921,229.9830126559499,-4342.581318322636,2.773307366155545,856.340595062665,-307.8473704624921,14357.234632578678,-1.8835537164586977
3.488,3,880.2671648262561,27.006725318863655,-4415.51130810407,2.870685647747386,853.4020403754513,44.37481394968927,17722.11887126483,-1.8687935210159958
0.7146666666666667,4,987.8279617209582,63.38007068811198,-5963.010033245816,2.744719158795245,958.3456811521128,16.7408732380718,-19839.670876043238,-2.2987318776617314
0.736,4,987.2288102516007,-99.76728276385654,-7691.142120839713,2.7316643916213974,954.4086394432017,-369.0651970151812,-15158.519988881424,-2.3288057330548764
0.7573333333333333,4,976.8223555135106,-212.27749822327362,-3594.357929028744,2.558337157258667,943.7840930292939,-590.6576752848923,-5013.41929659294,-2.3686122066971427
0.7786666666666666,4,952.02999963863,-304.8810931015047,456.65900457613674,2.478932014514751,930.9307148642464,-573.0465207761154,6532.054150473326,-2.4113303974073834
0.8,4,927.6631296674105,-193.11708774846178,4072.707793833999,2.503754756732154,920.9472186329621,-331.0729179792106,15440.416311846813,-2.4490835439405885
0.8213333333333334,4,917.4730683267746,-83.61685420422499,6709.3662895784255,2.627842769358199,917.7869646620615,47.72267217095941,19059.16426889808,-2.474347872080438
0.8426666666666667,4,917.5738406899135,57.430294710682084,5489.962389895533,2.590339485028575,923.0603645732541,437.23147981707007,16418.494854124263,-2.4815893660632
0.864,4,933.2568301711316,264.5540711270078,6618.64225058109,2.4157274466698793,935.5901596514663,707.9783003665507,8173.0570625523105,-2.4688904499198157
0.8853333333333333,4,962.7649413882103,85.15499467707282,-10780.676790610862,2.3468190961871924,951.7136900201465,762.5410341480747,-3307.7028729030862,-2.438856732989897
0.9066666666666666,4,973.9069087118203,-110.39254183699981,-906.0563299375505,2.3992655794477407,966.3568576540964,571.5996683789417,-14103.98198291799,-2.3980270158151793
0.928,4,962.6974008060351,-247.7852202425264,14880.762475760235,2.5502114419358,974.7726536303996,196.4652097756043,-19940.992780018598,-2.3549232067657404
0.9493333333333334,4,961.6624309906771,42.974890043416615,10011.577016919591,2.671745248727075,974.4040371648726,-225.0806135199964,-18282.55349770398,-2.3176366262050787
0.9706666666666667,4,966.1008049780557,399.1320176063344,3724.7858245811303,2.625682261574078,965.9778083956915,-534.6394076477736,-9840.829622001387,-2.292043331111989
0.992,4,979.9484227578923,44.0169165699056,-8439.86359456744,2.5692662259504195,953.1982454101948,-621.5488237878308,1865.8416699622758,-2.2814325175410817
1.0133333333333334,4,968.2592164618131,-78.14044127090136,-9902.067615631559,2.6006616670841542,941.2242406171833,-463.0690051019192,12480.20686581824,-2.2870167869852125
1.0346666666666666,4,956.4129480832075,-122.66644179152682,3596.9511581844367,2.6770139263343578,934.7572561564365,-121.26158383768052,18625.255208464572,-2.3081785112321263
1.056,4,951.6467423359414,34.29358469230472,9089.835888512489,2.6853525545722254,936.5299404857421,287.3843425652012,18606.13660700852,-2.342147108917282
1.0773333333333333,4,962.8165384488049,193.05156268668384,1907.5716652635667,2.595463524077938,946.5326385871538,628.2002799222246,12399.003300816752,-2.383636365750136
1.0986666666666667,4,971.0165333137934,-142.16248400397998,-14255.953651794158,2.410859491466882,962.0034784318602,783.8537050709128,1674.8868394661695,-2.425201122918692
1.12,4,970.4228239814344,-69.74063550949157,13412.50532139196,2.3384314778443813,978.1922318359068,691.4904174087569,-10158.633951098192,-2.4586229405589175
1.1413333333333333,4,979.1003678915464,233.97410876369247,-508.8830153730028,2.3981176057639626,989.8851438619366,374.22420684434474,-18671.427832918707,-2.476992052355193
1.1626666666666667,4,986.5895425388285,134.7079991024024,-10633.017497302793,2.509729670856951,993.3481974062137,-55.32525236252695,-20278.97745743621,-2.4766038982579075
1.184,4,985.5338924511125,-173.54635971070383,-10908.329922489904,2.5236576538884026,987.8783029505349,-435.8931771479547,-14254.829021171667,-2.457728880551777
1.2053333333333334,4,978.2105597093732,-246.9937501194699,-1113.0154682113684,2.4223316200526375,976.1159560430199,-627.1715142223984,-3178.9137292662635,-2.4243158885320684
1.2266666666666666,4,970.272585015169,56.496176664898,9348.7125999257,2.4475718907181845,962.932426388965,-566.6717580277473,8595.911381767597,-2.383068289605009
1.248,4,978.2607829615796,403.11653946013956,-7335.419126801518,2.5635900394580875,953.5322085030905,-284.3582532312721,17059.729054549243,-2.3418760119558297
1.2693333333333334,4,987.369210908529,210.4709912791355,-19047.032513802827,2.7431368231584083,951.673918816492,119.76405677013099,19753.567937763873,-2.3079843359455805
1.2906666666666666,4,985.4454787296296,-238.39366513204573,-18574.49637866552,2.697976928545012,958.5563482085548,511.9003026327118,15954.70334217092,-2.286631402176129
1.312,4,969.5703316420372,-221.4583181533307,11587.528139537402,2.565317026829317,972.4868448621888,760.758541806601,6628.484861926176,-2.280561839969026
1.3333333333333333,4,975.5576352475981,118.72373369088247,443.91228331344007,2.4753602125926473,989.3258089693107,774.6193734677508,-5468.786370010115,-2.290311721275145
1.3546666666666667,4,990.8818478441538,-24.996095863779153,2726.777608293408,2.513013342854105,1003.7314822201336,537.8730771215633,-16091.078650207724,-2.3147193504056895
1.376,4,992.6474386716146,-196.54339992917494,10364.170254610764,2.5786053285692443,1011.0368582673577,129.59712410345674,-20948.911467569415,-2.3509685141878247
1.3973333333333333,4,990.8881667684926,-27.55684946696792,25901.47592113688,2.6258132652313346,1009.1147346762382,-298.9077299190685,-17910.241981970146,-2.393863588371953
1.4186666666666667,4,992.9489040340039,126.4855658364265,981.7787820680168,2.4708324327460183,999.2964225233683,-587.101892862469,-8289.732819424476,-2.435488873706467
1.44,4,987.5105035395069,-201.87745433621714,-11978.657900575075,2.378629509194553,985.8058931656334,-633.8014566581696,3960.6701675807126,-2.466820743327131
1.4613333333333334,4,974.4059360862431,-252.64256614839604,316.39567056013374,2.4014074955689866,974.0461992852116,-431.3923677112907,14390.05392976245,-2.4806461097209347
1.4826666666666666,4,966.3373329894623,-154.99278713925221,10563.11877914291,2.484023686449825,968.640547637469,-56.17690113186836,19768.829047682113,-2.473885930812885
1.504,4,963.5090805997356,56.8278021387901,5304.734943336859,2.502865321881531,971.9817659341372,365.3730609631166,18635.920861713123,-2.44827657966141
1.5253333333333334,4,971.6396550994331,256.1773829868138,8146.999601605067,2.460840388559929,983.5639443781292,694.0783629063517,11251.12487375876,-2.4093941624953827
1.5466666666666666,4,988.1328867279044,248.91271915059403,-12881.227931847037,2.377885914899879,1000.1032852290602,815.0155988102779,-346.931699664332,-2.3648656546080242
1.568,4,987.4219119766981,-181.37524864213023,4003.316112313812,2.4315132505866646,1016.4669576797658,676.0614496581256,-12364.288067445625,-2.322815292941268
1.5893333333333333,4,996.9698073599919,-71.6129162495319,10038.036479689363,2.586855416250761,1027.36468871349,317.5456109531224,-20194.848703223048,-2.2908043330999797
1.6106666666666667,4,1001.0666026224968,-18.88322153968864,-10631.32947626742,2.6367570304073116,1029.3636291232085,-131.2242674343288,-20495.67468278343,-2.2745583784037504
1.632,4,996.6047289664209,-47.69362740515799,-6394.751582037004,2.6545362496036984,1022.3328274377465,-501.47077244427055,-13114.920537920203,-2.2764676010670386
1.6533333333333333,4,991.1305337595044,156.67259610675632,14946.904912611948,2.5418932168161446,1009.5086411339267,-658.088906807825,-1184.4757944340818,-2.2953789316820927
1.6746666666666667,4,990.7960142163228,371.98767343765223,-7324.198885649996,2.520764159181828,996.1421893109399,-552.5091245751828,10702.74915173743,-2.327794692508646
1.696,4,992.102603462205,35.66053014091923,-4976.994369308075,2.558057952429786,987.4921495224222,-230.19592231325805,18606.645025314996,-2.3686815842512083
1.7173333333333334,4,992.075710858018,-16.878145504646174,15241.92745035986,2.649005206450516,987.0706261817493,196.6635874407366,20282.486418264452,-2.411422539850732
1.7386666666666666,4,991.3703092750196,-26.67711227870408,-3188.6875738473623,2.4824223119047444,995.6230329397786,587.2315487377346,15271.537749098148,-2.448008476255329
1.76,4,991.5815390030543,-309.71422153825506,-1689.915219261116,2.3302980756471032,1010.9178354728118,809.5044669993222,4876.234402874485,-2.4704154955953226
1.7813333333333334,4,995.4363500487143,-94.09817193043436,14974.837892609326,2.273090544175684,1028.344605576648,779.1095679700375,-7741.559196264483,-2.4731665941689505
1.8026666666666666,4,1023.8759461264343,314.9772923329235,-3028.0757330160864,2.3630397234809264,1042.336727794784,495.79031999316067,-18033.398408445064,-2.4558581020834307
1.824,4,1044.9182770404996,128.68171862463714,-9548.722117476582,2.501865549781881,1048.375551167621,56.9658163394779,-21767.70340092719,-2.423526609372457
1.8453333333333333,4,1046.8989886706368,-80.87170691711022,-7556.291814325067,2.569035210004818,1044.8264924132714,-373.64557672385126,-17290.056059138384,-2.3839239946173914
1.8666666666666667,4,1031.8699771321562,-260.64357809796957,-7117.560918941131,2.479991750286658,1033.6514427008387,-635.5008455198258,-6535.24366021296,-2.3442742170215753
1.888,4,1005.2777398593621,-154.0069118671092,4772.881253828671,2.480853804471001,1019.5754232318303,-638.7425186475739,6150.58993734559,-2.3103625741580425
1.9093333333333333,4,986.2867827305639,83.51589204902712,-16.32041627720229,2.5722049598942127,1008.1983348414453,-391.6842832984403,16273.228146115784,-2.2869023425292263
1.9306666666666668,4,985.6593537393459,74.52675386224492,-14720.103571371985,2.658523029589978,1004.0107974998564,15.196929421275854,20779.733374717165,-2.2772793369696984
1.952,4,984.176593525941,-103.56312697772034,-16219.726493137992,2.659913782283907,1009.0181370714776,445.95617296919227,18458.818299697246,-2.282849250570306
1.9733333333333334,4,988.3880072328225,-20.421869785047164,4735.279768870604,2.5267522542733576,1022.1852881961255,757.8059548577294,9876.899577679113,-2.302553727266521
1.9946666666666666,4,1012.3970631413865,99.0894579955973,-7856.631268102123,2.4194971653753594,1039.698743945091,839.6986608346924,-2533.383021131158,-2.3331750914786724
2.016,4,1037.8989037560862,-195.90732415204573,-11083.30917621569,2.4126524701802605,1056.0711205685823,652.0311170276254,-14594.254178908654,-2.370186699317688
2.037333333333333,4,1040.8932294998667,-350.43075252888775,12736.806495311468,2.489269114556705,1065.9973033981796,253.5180200142786,-21579.835468876874,-2.4085018513173813
2.058666666666667,4,1042.7175239501023,23.660696084582597,16997.921528485378,2.456564127731085,1066.4163983042595,-210.2571163373068,-20471.52697297884,-2.4420868574240076
2.08,4,1041.7400855507553,342.25083431479203,9975.57490171772,2.4314665514005602,1057.8143946270757,-564.8948198994622,-11738.014340386726,-2.463590618077781
2.1013333333333333,4,1041.9895052737381,288.6040623512219,-10424.728867327938,2.3324427380720434,1044.0226043416367,-682.6486318744719,956.9956418112852,-2.466655039776948
2.1226666666666665,4,1024.5040119350635,20.49239567410695,-15466.1994692039,2.366488544854477,1030.633152986445,-530.1523373154923,12833.287853766233,-2.449543825071979
2.144,4,1006.8118246887946,-155.52663627672015,6216.797171888655,2.462306790444832,1022.9042943973935,-168.6125474954024,20060.438850923558,-2.416117821138775
2.1653333333333333,4,1000.3959392490389,24.633312256061547,7426.953299538078,2.5941659672830286,1024.0491294003082,277.9661090290174,20627.11019438971,-2.373693100253917
2.1866666666666665,4,1012.3561063574443,163.01432381558823,2340.7216891933804,2.502628605869514,1034.3188936540143,662.4340872270986,14357.45659658825,-2.3301819605619523
2.208,4,1038.1255120310784,8.434685110108934,-11055.477996850092,2.4389642938382,1050.923069615266,853.320855204016,2919.1697761463,-2.2923754897897224
2.2293333333333334,4,1046.0602819178564,-156.49438909593113,5604.576459574532,2.4503741350710673,1068.7929075761513,775.3648215439171,-10105.889070766978,-2.2658478075542576
2.2506666666666666,4,1068.6649974290322,109.52847159083319,6006.493605874942,2.5275114581249873,1082.1871836122539,445.2610182594508,-19901.057789077982,-2.255614932888653
2.272,4,1082.857887112782,153.71887796577872,-12525.191382502002,2.667384099228963,1086.808089494385,-20.9102401426062,-22372.727070036024,-2.265387113692388
2.2933333333333334,4,1083.760181978565,-118.88947078609338,-8752.722105744933,2.6467450024646078,1081.5742112047594,-448.41445427108556,-16413.750098998193,-2.294773990875532
2.3146666666666667,4,1066.662786578917,-229.05657538054857,1624.5360078485246,2.4890316079269192,1069.097073281804,-678.9652747940272,-4585.589680815116,-2.3379264270321065
2.336,4,1046.6071891072002,203.0981021281288,17028.764621149807,2.4256954831543207,1054.576880851437,-635.7916043102741,8417.874522519298,-2.3857750035548646
2.3573333333333335,4,1044.0453719723012,465.905432419058,-4995.867739922127,2.4509724157357144,1043.7587088819248,-343.7847455665469,18108.81965609989,-2.4288718657112063
2.3786666666666667,4,1045.6715318594272,146.83015558307164,-14525.148903095866,2.487716918415214,1040.9446975762767,92.57308878283948,21637.522520471015,-2.458698155893755
2.4,4,1046.2801068506963,-221.0707839346037,-17323.76134860335,2.4718285051874505,1047.7052283183382,528.451175313443,18059.13309750706,-2.4686667368482618
2.421333333333333,4,1048.5922588365297,-326.8190723586001,423.42255700650134,2.321431181017058,1062.445455583575,818.4770272793248,8272.340135660022,-2.4557219451482046
2.4426666666666668,4,1063.8741419824526,146.70055989663672,13674.283790310421,2.279693669955268,1080.8196696069901,857.0929072443396,-4871.039343992248,-2.421930695743711
2.464,4,1089.3425831245206,-12.563241507323953,-7608.4518990107445,2.3342317137043036,1097.0215700765757,619.0461088838056,-16820.614468285814,-2.375093308321085
2.485333333333333,4,1098.0301124648272,-187.51298190420488,16319.573384407247,2.469552027820333,1105.7990570785296,182.42622805852443,-22797.188518601935,-2.327008906632792
2.506666666666667,4,1101.9264496969945,199.98499236486663,28190.743846356934,2.556434878941702,1104.5345106849454,-291.63700309954584,-20190.500853612553,-2.2885989906605873
2.528,4,1097.158795253179,234.1496940063479,5153.967344677252,2.5570715892368296,1094.3700576667068,-625.2313347449526,-10126.148365425877,-2.2653545529603387
2.5493333333333332,4,1087.8951981166813,-22.345475661993973,-7764.514767519943,2.5098279443680656,1079.723231676188,-700.112065538764,3230.5282987616956,-2.257761571782577
2.570666666666667,4,1061.9818858912352,-328.6842507536548,7322.855138131659,2.553916117167493,1066.4825135889932,-499.2522612027824,14967.025391778909,-2.264663013045655
2.592,4,1040.0848091295377,-125.95163886307029,8176.846582353441,2.5915315634247733,1059.8484890579366,-99.71200829651207,21399.699803415686,-2.28460553868739
2.6133333333333333,4,1036.0202432033311,54.06210864909742,6767.677060354079,2.6193168508019573,1062.6823082546703,363.1318269511685,20768.723621938843,-2.3148624450410837
2.6346666666666665,4,1051.6445399962015,243.72182551797354,8313.049136958332,2.5055099994940253,1074.7015577133002,736.6487731793895,13202.487733234651,-2.3504439337736915
2.656,4,1081.057821716261,-9.134267234162653,-13280.198768329597,2.3614827286485944,1092.540672537162,891.2956255571917,763.2791753867641,-2.384486315938574
2.6773333333333333,4,1102.6716307195968,-165.86185827166344,-10511.05374801515,2.2947318235418064,1110.6921315907616,762.7934596883133,-12538.367204353213,-2.4104355118918113
2.6986666666666665,4,1116.7196457642553,-62.43191306813316,7766.725488076443,2.352349739619608,1123.2978362210563,386.30217069294304,-21662.851849544328,-2.424794038642162
2.72,4,1125.2294839414255,28.876110573225848,-5532.883291522946,2.4553597173825104,1126.3566064628405,-103.40679104905576,-22740.74913564627,-2.4272087639920166
2.7413333333333334,4,1121.9678156778375,-35.9376299899595,-11948.902732563876,2.4590797349512763,1119.397358734902,-522.2776793604717,-15275.920065101236,-2.417673957372109
2.7626666666666666,4,1112.5921956097227,78.50181522297126,7330.6295012173405,2.366656441246132,1105.6926537167462,-716.6266315560788,-2451.506568116136,-2.395806010419513
2.784,4,1101.6339384496998,291.442891118548,-14902.523052277747,2.397175063855495,1090.8848955662902,-624.4140774253756,10743.236096591689,-2.363499215581201
2.8053333333333335,4,1092.4741227728596,-145.61710349855306,100.31963290904604,2.5103237825577236,1080.8086920066366,-287.60524606797844,19875.007549329428,-2.32612427006856
2.8266666666666667,4,1085.9792954126247,-24.76389771494541,18221.07762066442,2.611319321880308,1079.520555977435,175.57964476756752,22321.438925313414,-2.290377517364006
2.848,4,1088.3838182042728,98.56334085836255,560.7610491568602,2.6109763131303123,1088.1090203817687,612.095288737677,17422.06521707261,-2.261637685065799
2.8693333333333335,4,1100.2056291004953,-148.17781188841525,-5261.40136354722,2.500884129240121,1104.39165762183,875.1425354955718,6436.062019327655,-2.243062922250646
2.8906666666666667,4,1114.8854285636828,79.50205831678328,11266.41398018065,2.434390161013954,1123.49407742332,866.4136431897059,-7342.939618965611,-2.236754360845467
2.912,4,1145.0746281150812,360.32371712289284,-5719.545366778151,2.4907547070751277,1139.3346562344877,576.8456465331838,-19013.057207665406,-2.24578093363144
2.933333333333333,4,1164.760990678928,202.23321373092324,-12689.140706124132,2.5359037374125712,1146.7878452247267,104.67071098368615,-23818.039320443757,-2.273519731779224
2.9546666666666668,4,1169.3429426431255,-55.8900143106647,-6853.364676835358,2.5575650223643835,1143.7499952852145,-374.49475156795233,-19639.09179901192,-2.3185524835735114
2.976,4,1158.0027695689164,-297.00803704491705,-10977.579663497736,2.4487658252220976,1132.052014651951,-681.5246625924483,-8284.215414886363,-2.371025161623628
2.997333333333333,4,1130.7302731639404,-198.96758813472005,373.0976410572222,2.3562313886931836,1116.6809230109852,-709.7713513374329,5619.168318816461,-2.416387482567876
3.018666666666667,4,1107.536931088626,-79.44167566142029,8263.146504097174,2.3775301644144213,1103.7714437949076,-459.52331134770066,17082.300301665906,-2.442538045149892
3.04,4,1091.1367352425154,28.477497488794125,-8515.388245406906,2.397963886133034,1098.4069785179686,-23.680626495741308,22602.402778314747,-2.443539594967866
3.0613333333333332,4,1090.3836234375465,-40.79466042358104,-9527.510202614605,2.4143647417725016,1103.0435993838873,451.53391363006085,20688.9134868728,-2.419389120642111
3.082666666666667,4,1106.0503243753667,26.595520738742284,6375.091203072179,2.3914861691745757,1116.8275341748651,808.9522745730355,11798.58524167817,-2.374481721045768
3.104,4,1133.9871298556766,210.940748355058,-3406.67302229838,2.3283232404034604,1135.8068489685324,922.511047991924,-1582.0421632360667,-2.3166023713099078
3.1253333333333333,4,1149.3506615052995,-233.91323314658044,-11016.982947514716,2.40817223459667,1154.0624557434194,740.8726931661367,-15012.384764832444,-2.257218639925266
3.1466666666666665,4,1148.9032017393156,-197.64452829281205,5332.2051083703,2.5632836945437685,1165.6844874413378,319.0461070900783,-23286.68503094092,-2.2108284605684307
3.168,4,1151.0218583224182,56.37334718643671,6242.379537886741,2.609770021540703,1167.0464927437752,-189.79581563919783,-22850.379472631495,-2.1896042280553822
3.1893333333333334,4,1150.2699556457324,182.1203263037068,-153.0337270097108,2.6373579559980422,1158.3403279383083,-594.2500759074464,-13874.156355841085,-2.196552438575833
3.2106666666666666,4,1152.7310350115274,309.35907249036126,-5368.476296709522,2.532304437637862,1143.5028213628777,-747.6278644260019,-146.1717803031206,-2.2253378962743704
3.232,4,1149.437692245759,-18.501809150979952,-16605.940545013553,2.515585109452499,1128.5786703603142,-604.1282466668636,13105.909086782485,-2.266530500165556
3.2533333333333334,4,1131.4045772844677,-179.42933779155257,8707.758156458362,2.546475503257425,1119.4328156082781,-223.13459351100028,21549.113558579003,-2.3120355407019217
3.2746666666666666,4,1125.4832665145648,88.97932746247294,12882.585633665673,2.5754650086396604,1119.8180408059393,263.7555522508919,22810.5539437104,-2.3544778956809593
3.296,4,1131.7464644637403,89.59606275105665,-1918.6491965296498,2.435960133724074,1130.295003749907,696.0463180039078,16534.024849557318,-2.3855484630516948
3.3173333333333335,4,1148.2100950997697,-86.11725365336466,-5102.605994673178,2.2976365896482522,1148.0693323937312,926.8189138146117,4369.642350828275,-2.3970240721273632
3.3386666666666667,4,1158.4790268345114,-71.76451032399477,4471.197610724292,2.2695618087253617,1167.7482332480267,866.9153750920668,-9928.49129250925,-2.3851356583397347
3.36,4,1172.4464958212673,320.73906196690103,-2930.9481227173965,2.3733346518127005,1183.026567148897,525.2729864548892,-21139.19400240574,-2.355071035435529
3.3813333333333335,4,1188.021268303754,128.27757035535674,-10701.754218619664,2.480996780842022,1188.9838796205952,20.76977942418307,-24614.342523774234,-2.3190385799523447
3.4026666666666667,4,1188.6524511678772,-110.63707941979429,-9388.613202399045,2.524883499492936,1184.0993382517004,-457.88547745440155,-18806.612519524526,-2.2874527089133174
3.424,4,1175.1174931562084,-259.96386641496514,-77.27118629454698,2.4815166058815605,1170.9178582671186,-732.8070320570841,-6219.963066272438,-2.2629734747145807
3.445333333333333,4,1161.6705239021153,98.83888591483192,6694.985024045878,2.4789140392195113,1154.9711495403296,-710.9575269911438,8104.076905187219,-2.243450477905174
3.466666666666667,4,1156.1141022312156,326.6680252378901,5236.044223898945,2.563273154933167,1142.5849966993424,-410.74986844323575,19156.350849172566,-2.227865668592035
3.488,4,1158.592937266724,258.4589786348859,-23341.547426740315,2.5847649456798356,1138.6641870157314,59.20774624310434,23645.997002691904,-2.2175235043409365
