t,f0_est,f0_true,cents_est,cents_true
0.6506666666666666,151.52251981609447,152.11391410094203,554.4344452254691,561.1783211418976
0.672,152.13119419740286,151.51470539612407,561.37497765719,554.3451585715273
0.6933333333333334,152.67965210721954,151.25227855725134,567.6051367488642,551.3440229345638
0.7146666666666667,153.12522831904695,151.8657473499877,572.6501658157218,558.3515871262218
0.736,153.5841487302337,153.49942783465278,577.8309610181227,576.8757050942528
0.7573333333333333,155.53623943209035,155.83798035469675,599.6966867644484,603.0520340574335
0.7786666666666666,157.58353004955458,158.23211110997056,622.3358815971895,629.446657933723
0.8,158.17902449153692,159.98537744871516,628.8657342436023,648.5238312882269
0.8213333333333334,158.74387934844336,160.69271700422317,635.0369322522115,656.161224237343
0.8426666666666667,159.43943621101138,160.45264802893652,642.60598809385,653.5728906861775
0.864,160.8067373510796,159.82088791976886,657.3891946887152,646.742941235868
0.8853333333333333,161.5275834705678,159.53414903953038,665.1324311112699,643.6340987965317
0.9066666666666666,162.15494152039233,160.16562966635533,671.8433585971255,650.4732789091114
0.928,162.81356069567542,161.87452124886596,678.8608110273411,668.8468826645756
0.9493333333333334,164.94403621647268,164.33474123231744,701.3677109140536,694.9607785598414
0.9706666666666667,166.89081183556291,166.8646863495838,721.6812067692745,721.4101740449372
0.992,167.42480923093015,168.72787488744362,727.2117605390017,740.6337740402237
1.0133333333333334,167.7381351919898,169.4904880697679,730.4486382385755,748.4409441383743
1.0346666666666666,168.00421843031256,169.2484132423767,733.1927213341056,745.9665412674815
1.056,168.87128957883328,168.582501898376,742.1046568974012,739.1415300928611
1.0773333333333333,169.69795472735723,168.26970567088117,750.5587839061121,735.9263299372012
1.0986666666666667,170.12745735284727,168.91936729236144,754.9349720245482,742.5974696708166
1.12,171.65001617232457,170.7067340977488,770.3597633657155,760.8197372000143
1.1413333333333333,172.94541568045864,173.29477864312318,783.3758981857039,786.8695957495711
1.1626666666666667,175.28012401872576,175.9680647435812,806.5906637569199,813.3721246587832
1.184,176.10847690352261,177.9478571369796,814.7529966927108,832.7412433772197
1.2053333333333334,177.49133204339523,178.76969858513243,828.2940566576139,840.7184364956776
1.2266666666666666,178.15376401001805,178.52625145839522,834.7433293442596,838.359249272171
1.248,178.98838072353198,177.82452065505413,842.8348947000774,831.5409010297866
1.2693333333333334,179.4805853721593,177.48381176393505,847.5891248450484,828.220702992778
1.2906666666666666,179.87842893010279,178.15179169895794,851.4223977988095,834.7241630303586
1.312,180.52084029275943,180.0210273191042,857.5942505044678,852.7942876142193
1.3333333333333333,182.80926773513679,182.74335530639905,879.4028251870683,878.7785110121371
1.3546666666666667,184.9816977215613,185.56791640346438,899.854814795085,905.3325297909039
1.376,185.76670612201065,187.6713894338584,907.1861224340438,924.8462446081686
1.3973333333333333,186.2305408480397,188.55668041620845,911.5033957124197,932.9936894350171
1.4186666666666667,186.38576194295686,188.31257595638976,912.9457591204896,930.7509911818681
1.44,187.51176653684547,187.5732868666397,923.373126177368,923.9410298548847
1.4613333333333334,189.49517483694376,187.20269366727803,941.589107291139,920.5172043829973
1.4826666666666666,190.22496779687216,187.8890936854051,948.2437133274008,926.8533623538364
1.504,191.09475759936356,189.84372552678482,956.1416122970962,944.7705526494486
1.5253333333333334,193.47351864622237,192.7071118438457,977.5591076879463,970.6875497231416
1.5466666666666666,194.97427924734103,195.691310858245,990.9363531944442,997.2914096131349
1.568,196.79382037861646,197.92595921190014,1007.0176738181482,1016.9487832914605
1.5893333333333333,197.38361012229294,198.8792048194398,1012.1984110649507,1025.266691308482
1.6106666666666667,197.83376671166903,198.63524666520158,1016.1421989530298,1023.1417435758319
1.632,198.58104339730772,197.85658763848133,1022.6692627341413,1016.3418922998006
1.6533333333333333,199.00905699030068,197.45401550707908,1026.3966794438352,1012.8158203124965
1.6746666666666667,199.51950629817114,198.15889783044832,1030.831531982726,1018.9850707540866
1.696,201.19398419990196,200.20259155271117,1045.3003736877938,1036.7485508746738
1.7173333333333334,202.75684861639434,203.21414195898495,1058.6965465507233,1062.5967372457103
1.7386666666666666,205.39912344626882,206.36679334029017,1081.111801352533,1089.248784451465
1.76,206.46557899137372,208.74055366984496,1090.0773100102206,1109.0488652343595
1.7813333333333334,207.1291943101018,209.76656107890557,1095.6328658118423,1117.537430695662
1.8026666666666666,209.11297009803428,209.5236493588253,1112.134827826298,1115.5314831333264
1.824,210.80564578237406,208.70373369418184,1126.0919782829108,1108.7434640220365
1.8453333333333333,210.66181610401506,208.26695802775234,1124.9103789015821,1105.1165367722097
1.8666666666666667,211.22144856265734,208.9903410231523,1129.5033808847522,1111.1192910903678
1.888,212.18282114732872,211.12690506590963,1137.3651996320698,1128.728300683704
1.9093333333333333,214.4228478295918,214.2940717201267,1155.5461399524431,1154.50609892793
1.9306666666666668,216.35864686824044,217.62446522995043,1171.1055073227528,1181.2046747839838
1.952,218.42646290436736,220.14574156818668,1187.5729549881412,1201.1464964924187
1.9733333333333334,219.19463168153388,221.24963943710424,1193.650730144694,1209.8058964048034
1.9946666666666666,219.6539984691656,221.00877918532638,1197.2750856038595,1207.9201866359763
2.016,220.037662155781,220.14564290576615,1200.2963473912166,1201.1457206074124
2.037333333333333,220.89553485986963,219.6723017564649,1207.0328794513446,1197.4193395407826
2.058666666666667,222.75858908761046,220.4141552970345,1221.5730435102766,1203.2560259680743
2.08,223.9285970916809,222.64754549169044,1230.6423089348966,1220.7098202933264
2.1013333333333333,225.72317602406787,225.97814317099449,1244.461236527563,1246.4156601002862
2.1226666666666665,228.6392819982702,229.49606888572893,1266.6837207261103,1273.1591012388085
2.144,230.01936551325196,232.17375948573783,1277.1021650105265,1293.2416833688658
2.1653333333333333,231.95479062923903,233.3610185537549,1291.6081429711126,1302.0720774739386
2.1866666666666665,232.6803281007033,233.12332876592177,1297.0148638355347,1300.307830970114
2.208,233.04428665226973,232.21492840209157,1299.720744286054,1293.5486375725336
2.2293333333333334,233.43633886888367,231.7025147286295,1302.6307657064042,1289.7242141860106
2.2506666666666666,234.1967900368574,232.46275520340225,1308.2613339179081,1295.3952777384693
2.272,235.30329763431845,234.79707946630398,1316.4216185496111,1312.6931277414635
2.2933333333333334,238.02167986296465,238.2993025053539,1336.3073538894182,1338.3254460731032
2.3146666666666667,241.02619091559794,242.01507709911783,1358.023680612385,1365.112084592004
2.336,242.4782373762662,244.85860277902452,1368.4220955344797,1385.3344324139675
2.3573333333333335,243.5056834307177,246.1350577397161,1375.7423058008321,1394.3359631719952
2.3786666666666667,244.14676849517264,245.90178111412837,1380.2941907628879,1392.694393129116
2.4,244.78235857201358,244.9459915063414,1384.795275853519,1385.952190367265
2.421333333333333,246.87046317909505,244.39184502452716,1399.50085413895,1382.031146066298
2.4426666666666668,247.71430566831162,245.170329972736,1405.4083966228568,1387.5370484984503
2.464,249.06896191296926,247.60985307530032,1414.8500706140542,1404.6782408853549
2.485333333333333,251.81184325481837,251.29229305490074,1433.8111367594386,1430.2354821339852
2.506666666666667,254.21713155642814,255.21678742626972,1450.2692787787012,1457.0636457654791
2.528,256.7144066101017,258.2361215008587,1467.1928848122268,1477.4247504243683
2.5493333333333332,257.7769158086163,259.6079942265972,1474.3434610680254,1486.5975429998791
2.570666666666667,258.439827232704,259.38050763854216,1478.789870353399,1485.079850215727
2.592,258.6216003211041,258.37511976718054,1480.007102024673,1478.3563543772118
2.6133333333333333,259.04274986964106,257.776418380921,1482.8240184252993,1474.3401203321364
2.6346666666666665,259.9957714076136,258.57294072660426,1489.181562702051,1479.6813400903347
2.656,262.2128839188025,261.1220891374094,1503.882061032562,1496.6651773997473
2.6773333333333333,264.45408197609504,264.993753353288,1518.6164645925878,1522.1457935452627
2.6986666666666665,267.9326300199572,269.1384216624268,1541.2401190904438,1549.0138058248735
2.72,269.8094580053696,272.3441215484053,1553.324877856905,1569.5126444424009
2.7413333333333334,271.13195060212627,273.81804574685344,1561.789930590134,1578.8568066915377
2.7626666666666666,273.08187872266103,273.59787150721166,1574.1960703088591,1577.464179444375
2.784,272.64339335759934,272.54059036264135,1571.4140076256306,1570.761104926207
2.8053333333333335,273.71348461445064,271.89434115599454,1578.1955852466074,1566.651121927605
2.8266666666666667,274.83286264834965,272.70862301699475,1585.2611980818874,1571.828154101676
2.848,276.370640430083,275.3719898100974,1594.9210066565015,1588.6539547751106
2.8693333333333335,279.4508105541068,279.4423205535342,1614.1090029961244,1614.0564055414384
2.8906666666666667,282.06967698917924,283.8192307395346,1630.2576697559987,1640.9625859774308
2.912,284.9281009153205,287.22247132579963,1647.7132681517146,1661.598121755377
2.933333333333333,286.34398722351835,288.8055187141408,1656.294942826402,1671.1137442149945
2.9546666666666668,287.52419780051093,288.59433666676216,1663.415824136518,1669.8473581434744
2.976,287.5380969727216,287.4827791710893,1663.499511487987,1663.1664172788064
2.997333333333333,287.85536182982725,286.7858089412104,1665.4086738896597,1658.9641355918945
3.018666666666667,289.97656473057845,287.61749498512364,1678.1193429062785,1663.9774918651017
3.04,291.7834823676969,290.3998448080796,1688.8736303897942,1680.644590315872
3.0613333333333332,294.38596622462467,294.6787394912073,1704.2464488830142,1705.9673433266341
3.082666666666667,298.2036925440408,299.3006053427615,1726.5535179977905,1732.9100075698511
3.104,300.53767119095954,302.91321422190043,1740.050777465435,1753.6811898948501
3.1253333333333333,302.8339627359706,304.6129223095149,1753.2281861438373,1763.3683457733662
3.1466666666666665,303.5903055943203,304.41258282544146,1757.5466386084754,1762.2293637577156
3.168,303.3625395971157,303.2442758197375,1756.2473077915479,1755.5722666427873
3.1893333333333334,303.7256863068807,302.493221129783,1758.3184796473388,1751.2791458608474
3.2106666666666666,304.95975320051,303.3418714478081,1765.338399670716,1756.1293544581786
3.232,306.68753011665706,306.24814554201737,1775.1191810591436,1772.6371011386627
3.2533333333333334,310.05662750463017,310.74597770175995,1794.033844651692,1797.87863207205
3.2746666666666666,313.3372413277957,315.6261925577793,1812.2552711581873,1824.8560920861369
3.296,316.6531325628078,319.4606872201518,1830.4797934970652,1845.7618566358535
3.3173333333333335,318.48714597089133,321.2850887957204,1840.4779478910837,1855.6206018058501
3.3386666666666667,319.5661647947206,321.0976267261578,1846.3333705545224,1854.6101738503457
3.36,320.3276093550224,319.8700050381805,1850.453552449489,1847.978628171655
3.3813333333333335,320.7731798939829,319.0613017684473,1852.859997817981,1843.5961370685216
3.4026666666666667,322.2829129355663,319.9263842363788,1860.9890119986032,1848.2837427033048
3.424,324.3708709659086,322.96170550146036,1872.16889430083,1864.631504170592
3.445333333333333,328.0025840845815,327.68934671723923,1891.4443884511054,1889.7902969134138
3.466666666666667,331.46701000532573,332.84201887766665,1909.6341195431194,1916.8008611454215
3.488,334.9027789807153,336.9116459748013,1927.486588373445,1937.8401299961163
3.509333333333333,336.72550461389886,338.86930039939796,1936.8833707976244,1947.8705029886921
3.530666666666667,338.2602495946044,338.69695005339065,1944.75615131041,1946.9897661054363
3.552,337.5014066084349,337.40735466234935,1940.8679893950305,1940.3854769671527
3.5733333333333333,337.5301981260133,336.5372270371128,1941.0156709413068,1935.9150933487736
3.5946666666666665,338.91219376967337,337.4181091309302,1948.089625121232,1940.4406571676261
3.616,341.8014760706321,340.58778722383477,1962.7861242721758,1956.6278161475357
3.6373333333333333,345.1236703594406,345.55662998537525,1979.5318810508293,1981.7023629484454
3.6586666666666665,349.78554732284516,350.9966199162394,2002.7605877833687,2008.7443364997819
3.68,352.80703774093166,355.3153967059379,2017.6509793115786,2029.9160182352507
3.7013333333333334,355.70183519191266,357.4154231195645,2031.7978728532541,2040.1180402361285
3.7226666666666666,356.5278304507415,357.2606343366492,2035.813408365284,2039.3681183301378
3.744,355.92406065247417,355.90631065319997,2032.8791271995226,2032.792788081779
3.7653333333333334,356.07167273998795,354.97075971989386,2033.596971601206,2028.2359986368626
3.7866666666666666,357.86556002295214,355.86669975151074,2042.2970229160221,2032.6000981629793
3.808,360.21929084398056,359.17623621000547,2053.6463043503054,2048.626053612443
3.8293333333333335,364.261374799277,364.3982177727946,2072.9646003819025,2073.6148552343175
3.8506666666666667,368.3125239048065,370.14117719352845,2092.112317155652,2100.6865400320435
3.872,372.21123030624204,374.72393528502647,2110.3416733211,2121.989529853919
3.8933333333333335,374.5182573371627,376.9760478402699,2121.039031660052,2132.363204701304
3.9146666666666667,376.0156338111623,376.8415032329665,2127.9469477610423,2131.745208456924
3.936,375.3903069247851,375.41959951440117,2125.065449522271,2125.200536521309
3.957333333333333,375.2802933153729,374.41439105093554,2124.558011751889,2120.5588366710726
3.978666666666667,377.6944282333337,375.324528787679,2135.659172972846,2124.762065745859
